y,treat,post
9.009061812449824,1,1
7.49550312891986,1,1
8.050549060997588,0,1
6.446688043690861,0,0
3.9148005792095972,0,0
6.187282050902768,1,0
7.213699744054056,1,0
5.403120637702365,0,0
10.165667572644555,1,1
6.463781181755831,1,0
4.223264136338286,0,1
6.620837944646863,1,0
9.18626771837958,1,1
5.7058575598929355,0,0
6.266789133599731,1,0
4.883786653951474,1,0
7.228950326723193,1,1
8.375149605771364,1,1
5.564541702572271,0,1
8.843219076609838,1,1
9.202389537952001,1,1
10.77970761990476,1,1
5.042679332195951,0,0
4.946995440251073,1,0
6.653878291945765,0,0
10.422946006859117,1,1
4.455439802753462,0,1
4.4797792216764805,0,1
6.0720665278184685,1,0
7.690826609941299,1,1
5.981085949582359,0,1
8.844387394847598,1,1
5.986368838448313,1,0
4.174780677152841,0,0
3.7910171131548775,0,0
5.566159143843459,0,0
6.651119585947384,0,0
8.3031819002456,1,1
6.129613800128726,0,1
6.01321511773466,0,0
3.441414570505417,0,0
8.416408396038308,1,1
5.678928993813645,1,0
4.651056899732622,0,0
7.873877172732171,1,1
6.436668879418517,0,0
5.691620855048496,0,0
6.354704941919889,0,0
6.219297866569375,0,1
5.417726742854875,0,1
6.895413954721553,0,1
4.882440329127511,1,0
4.228829405067256,0,0
4.928175632228063,0,0
5.129295116790616,1,0
6.281287003440857,1,0
9.40846103048728,1,1
8.804804367982523,1,1
5.833516072226547,1,0
7.245986054661058,1,1
5.603629186999623,0,0
6.4852968636895465,0,0
6.234820000959414,1,0
5.7924543852618395,0,1
5.756826444707653,0,1
6.372298277041363,1,0
6.4749773509930755,1,0
8.420521790373012,1,0
7.797418430218279,1,0
6.123859634493334,1,0
6.22180430850946,0,1
4.7142139554937055,1,0
5.681797463441976,0,0
4.37355121396401,0,1
5.556695573848199,0,0
7.938769032633526,1,1
7.680889497973523,1,1
6.853140263613595,0,1
7.967433966774785,1,1
4.5038000229367,0,0
5.240910910686348,0,0
7.750547772729037,1,1
8.122971330522914,1,1
8.333296355777355,1,1
5.329179531943439,0,1
6.238444021073851,1,0
9.84137985539544,1,1
5.008816786572686,0,0
8.470620051758672,1,1
5.1963793650962185,0,0
6.4642070536997185,1,0
6.734507044000147,1,0
7.489656146039403,1,1
4.2538253348519905,0,0
5.601155294204192,1,0
5.484457806006021,0,0
4.187774980003995,0,0
6.2004510935969535,0,1
4.6469468211155505,0,1
8.590830752479091,1,1
5.411290854994602,1,0
4.182449997399532,0,1
7.751604965356712,1,0
7.141849263695389,0,1
9.671849033826707,1,1
6.416324110438494,1,0
7.853988476493349,1,0
6.792142703941642,0,0
7.1091030942901074,1,0
6.679811984235063,0,1
6.859301895752496,1,0
5.347583956598137,0,0
6.82014066096129,1,0
6.264075719663819,1,0
4.723032599462746,0,0
6.7376347403105825,0,1
7.100861528755985,1,0
6.112938502722007,0,1
5.946709939308666,1,0
9.789657022102498,1,1
5.450102261020512,1,0
5.684959173292635,1,0
3.441022823419745,0,0
9.72735323883509,1,1
6.6296684976609175,0,1
6.126410509984414,0,0
6.793591811367782,0,1
4.785634030807443,0,0
5.902358981123919,1,0
4.274487551884729,0,0
5.586295119707988,0,1
7.663417924835447,1,1
5.885652049634226,0,0
4.888514679630675,0,1
7.097545687963368,1,0
6.1530149099779035,0,0
5.334507693151495,0,0
5.574272147152189,0,0
5.2441394588140655,0,1
7.438179486936938,0,0
6.700715291393,0,1
5.931921432123271,0,1
8.564721028473427,1,1
8.526879426142132,1,1
9.811916118182697,1,1
4.919189162219324,0,0
9.498777001068525,1,1
8.889488860429418,1,1
5.6903471446555445,0,0
7.690660752301474,1,0
5.493759194414073,0,0
10.416335817450125,1,1
6.8095169616569855,0,1
9.384614550636263,1,1
5.68797344952618,0,0
7.175328585204839,1,0
6.072949313944484,0,0
4.724793138559712,1,0
10.003335544476057,1,1
6.2681319975397525,0,1
5.219227415363283,0,1
4.178862480879926,0,0
5.401909966656019,0,1
6.148615712282777,1,0
10.604766196304878,1,1
4.828139582223053,0,1
9.258459744840327,1,1
4.522520923331307,1,0
5.589819384146822,1,0
6.762751510003973,0,1
7.382696320061911,0,1
8.293494203309661,1,0
5.847294371265303,1,0
6.697918356794155,1,0
5.808761469053567,0,0
4.603938862563336,0,0
6.558651335913856,1,0
8.981952260847452,1,1
6.9036129803344695,1,0
6.881693024700841,1,0
4.5207335868592144,0,1
5.94907318627498,0,1
5.798650305622307,1,0
4.8512948236606,0,1
8.479351694342444,0,1
5.64923134367519,0,0
4.97512282129114,0,1
5.366421259994483,1,0
8.066236132673946,1,1
8.960380863467986,1,1
6.044609728597544,1,0
5.470863041993444,1,0
5.182115088269952,1,0
4.082376974020841,0,0
10.736244791737315,1,1
5.874212801388779,0,1
8.316319203491433,1,1
8.90708603809,1,1
4.216639197816369,0,0
9.527872109344617,1,1
4.319606387836021,0,0
7.99608157951086,1,1
7.495729425188529,1,0
4.130831968931329,0,0
5.47028829598412,0,0
6.225221421848719,1,0
6.270389618657064,0,0
8.337684291138496,1,1
4.221195499319949,0,0
7.42456582648265,1,0
4.214664824274223,0,0
4.480083952660061,0,1
4.6821369204313115,0,0
7.2064802246882405,0,0
5.824646547804101,1,0
6.516758739876023,1,0
9.029843374682455,1,1
4.648696704620473,0,0
6.266448684562614,1,0
7.922319763669044,1,1
5.84774131864598,1,0
6.277276778122044,0,1
10.430733275840922,1,1
3.003697815693716,0,0
6.406973026312616,0,0
8.85417815509519,1,1
5.027170350301852,1,0
10.09435025673725,1,1
5.5935046872102365,0,1
5.013301003181819,1,0
5.036713688352529,0,0
3.737132298170216,1,0
9.03723669265507,1,1
6.583216531123324,0,0
10.12700371791629,1,1
6.226242483644873,1,0
6.652200564515708,0,1
5.634190450394738,1,0
6.5197395910275295,0,1
4.960138340627097,0,1
6.0843175943799155,1,0
6.307996200673483,1,0
6.331230496223105,1,0
3.8295017704594825,0,0
6.195979936986185,0,1
4.595023096659865,0,1
8.824896857448731,1,1
5.986960012340865,0,1
5.336002362512371,0,0
10.19120646378567,1,1
4.10968559813807,0,0
5.637378219606305,1,0
7.238958384657504,1,0
8.03780236516722,1,1
5.673686051274937,0,0
8.344835606400139,1,1
8.933030407561018,1,1
8.693054110526695,1,1
5.105015036025677,0,0
8.342235076726757,1,1
6.327931807003717,0,1
5.6397021745316716,0,1
6.611696639034171,0,1
7.111542666308685,1,0
4.3778673171842435,0,0
7.262879115740002,1,1
5.853852412011904,1,0
10.132994293973315,1,1
5.814709924698069,0,1
5.892875462886455,0,1
5.494596066067695,0,0
10.383412525668094,1,1
6.045956903183464,0,1
6.883556905009695,0,1
9.69693612946207,1,1
5.327232416895722,1,0
6.031678406143862,0,1
5.924363897508219,0,0
4.5541863026513845,0,0
5.642191052638735,1,0
10.21102076972212,1,1
11.079735196245633,1,1
4.595993593574202,1,0
9.553653135057358,1,1
10.921393618838755,1,1
4.897630027384748,1,0
7.523315867129925,0,1
8.8361348212842,1,1
5.582348391562774,1,0
4.375603210471667,0,1
5.79579019855104,0,0
5.651876657435496,0,1
4.742956758349802,0,0
6.44855499943077,0,1
4.693482124764716,0,0
6.037182100641547,1,0
5.2871246319081076,0,1
6.43858440766189,1,0
9.021628076569218,1,1
7.337524778160696,1,0
4.449602082846359,0,0
8.719406120128948,1,1
6.138688686649269,1,0
4.916850848093053,0,0
9.949074346891413,1,1
6.410403357667606,1,0
4.748322343768561,0,0
10.113409841659042,1,1
5.715194034999548,0,0
5.591628875930699,0,1
9.063129464608771,1,1
4.777293461885127,0,1
5.964773430280734,1,0
6.541592263728546,0,0
6.930560972657855,0,1
4.775594469813539,0,0
5.377525375603243,0,0
3.6053249689989286,0,0
5.843161378401843,1,0
5.151799795477698,0,1
5.51238536171192,0,1
3.5393035865782863,0,1
6.578921144349871,1,0
4.10825304102137,1,0
5.479465574081884,0,0
5.735509502657973,1,0
5.83402935409138,0,1
5.651206183111729,0,1
5.200276339586121,0,0
4.1743720527135295,0,0
5.58017015217124,1,0
6.294854137778452,1,0
4.25869812597337,0,1
9.265215267382684,1,1
6.206907134403778,1,0
4.390179005032945,0,0
8.149989199270667,0,1
5.868928256066386,0,0
4.686145051739485,1,0
6.5002198808848535,0,1
5.1648585628867165,0,1
9.17950381224041,1,1
7.256961560428886,0,1
10.718204539631369,1,1
5.882241346143964,0,1
6.102599683680733,0,1
6.063685945125269,1,0
6.167691202811859,1,0
5.849462052768534,0,0
5.611175247512309,0,0
6.379803577062732,0,1
6.242022948342362,0,1
4.173888525392825,0,0
4.334765730585043,0,1
8.380284182859963,1,1
8.331442562740467,1,1
6.159755153310481,0,1
6.350267599521948,1,0
3.8289422288239745,0,0
6.078605268767738,1,0
5.100974987405588,0,0
5.1847014403344795,1,0
6.843084426980243,1,1
5.962915742444811,1,0
5.139662640446698,1,0
2.742590622167147,0,0
4.763530583763208,1,0
5.097696638754769,1,0
4.172899678002752,1,0
9.269887214507754,1,1
6.251906267544863,0,0
8.1819291624669,1,0
9.307308598259901,1,1
6.061635396668353,0,1
10.006733052295774,1,1
3.8687692893670973,0,1
4.944350191268661,0,1
8.890124605329028,1,1
8.651058688908664,1,1
5.619814977570697,1,0
4.4226096696436334,0,0
7.474022628153234,0,1
8.921787702394361,1,1
5.538139510561576,1,0
5.002987484657244,0,1
4.976459596308594,0,0
5.524539006436757,1,0
5.329162184845176,1,0
7.620877603355254,1,0
8.712358445069041,1,1
5.174054315422769,0,0
4.281423659252681,0,0
6.548559442719998,1,0
3.9237466673103656,0,0
5.731313742623592,0,1
6.419770175609824,1,0
7.27479260653659,0,1
5.205864201703264,1,0
6.651014780389894,0,1
4.668560449082465,0,0
4.211392941508265,0,1
5.629827486728663,1,0
8.785403811443107,1,1
3.8000105046063557,1,0
7.2173526161911,1,1
5.981928746811899,0,1
7.979533705044333,0,1
6.314734039646561,1,0
6.680225607325633,0,1
4.331968209595334,0,0
3.68819827541855,0,1
5.723365188661119,0,1
6.055971200198916,0,1
6.788849516039939,0,1
5.7346136000256065,0,1
5.944341692676258,1,0
8.896811262274387,1,1
8.812998688079348,1,1
8.896659756231733,1,1
10.055379419069885,1,1
5.411432504583736,0,1
6.935174449464335,0,1
8.321008325211945,1,1
7.220865794814584,1,0
6.181265078952981,1,0
5.180636712139516,1,0
8.19861287022788,1,1
5.8925789431869156,0,0
7.170186851300656,1,1
8.052462851576617,1,1
5.868973202069683,0,0
6.649583865785228,0,1
5.535720928917387,0,1
3.4931553911915856,0,0
4.706559047738987,0,0
6.523253672868059,1,0
6.594416880046462,1,0
4.579475727975732,1,0
6.184691929302375,0,1
9.903365282988453,1,1
7.885225931877828,1,0
8.76720580616074,1,1
2.2630671752916864,0,0
6.703739537966248,0,1
5.910824646866986,0,0
10.155694994394295,1,1
4.848994735328535,1,0
8.030250572353511,1,1
8.931904715567782,1,1
6.0734666204171,1,0
4.64668434688149,0,1
6.383141767019076,1,0
6.915340096414138,0,1
8.370593551757928,1,1
5.164958496164449,0,0
4.781382574665384,0,0
5.437626430193544,0,1
9.423655382362977,1,1
9.870816013493165,1,1
5.882211491781394,1,0
6.008921715394441,1,0
5.533302782289421,0,0
7.393626977979594,0,1
9.325089939861867,1,1
4.578283738244446,0,0
6.994383695112683,1,1
6.910149811038957,0,1
3.442404455559555,0,0
5.197342596528641,1,0
10.226347957069919,1,1
9.310590159078458,1,1
4.90550748695641,0,0
10.003749586130402,1,1
6.325724444972311,1,0
5.30521676644114,0,0
5.756757613706614,1,0
4.7604096574164725,0,1
6.722844526061937,0,1
7.325011013464069,0,1
10.75088417933943,1,1
5.643376150607449,0,0
5.752360406877273,1,0
8.887298745877686,1,1
5.9073950801879755,1,0
9.361246551015437,1,1
6.4034424653052495,1,0
8.651401588904918,1,1
4.159977389179825,0,1
4.547223664948996,0,1
4.061502511515862,0,0
5.355476844478712,0,0
4.265444374766076,0,0
10.160310934190589,1,1
3.7102022381005586,0,0
7.598220139339633,1,1
5.1117726971995525,0,1
5.247126866082256,0,1
8.208621233826138,1,1
6.5071105345928775,0,1
5.2146224433680715,0,0
4.668135698725464,0,0
9.238298469104603,1,1
8.67738972772949,1,1
5.315596107816283,0,0
5.171836792890991,0,1
6.273345581302275,0,1
4.479203715039657,0,0
4.699540082475015,0,0
8.726084262364688,1,1
5.715616791755789,0,0
5.093225965284852,1,0
9.009979325407219,1,1
8.658405196582073,1,1
6.075920364219213,1,0
5.07920622295891,0,0
4.9827432522994375,1,0
5.371859386830951,0,0
4.966911826847902,0,0
6.248772154044034,0,1
5.746235229046564,0,1
6.017743296544433,1,0
5.493495835099547,1,0
5.532129708287791,0,1
5.687135220713634,0,0
5.052674065923937,0,0
6.612828908032154,0,0
5.001866518511562,0,1
7.292555647100306,1,0
4.6878401052920635,0,0
5.500957823770027,0,0
9.077670989716847,1,1
5.462295093571497,0,0
7.087885928416993,1,0
5.585676699181749,1,0
4.495929944721477,0,0
8.85047942675393,1,1
4.8435066273106635,0,0
9.742641150435666,1,1
6.43039629904392,0,1
7.758673107575957,1,1
5.208463935545069,0,0
6.882170534769246,1,1
7.686449143632192,1,0
8.507806810357382,1,0
9.54033024422182,1,1
6.249465363257817,0,1
6.011398244002713,0,1
6.621112437517703,0,1
3.8794180023420513,0,0
7.159125677032562,1,0
7.855016498690773,1,0
5.175486012801373,0,0
4.65276117722388,0,0
8.035294959943348,1,1
7.367244272710237,0,1
10.113159253736137,1,1
5.17553812185131,0,0
4.922412007957567,0,0
8.345377790217478,0,1
5.794930278123711,1,0
6.9389842692114465,1,0
7.260027618905469,0,1
5.967558402479734,0,0
6.561296358530987,1,0
5.6094615332754465,1,0
9.390314597454685,1,1
5.966695887633241,1,0
3.7558152623429746,0,1
7.158230275004273,0,1
3.8574700452879824,0,0
4.736730957622053,0,0
4.439935811619497,0,0
5.865837536347192,0,1
3.9720617004717846,0,0
5.361077131401453,1,0
5.309675886636998,0,1
4.898353599749481,0,0
9.034584886905199,1,1
5.238117618614234,1,0
9.147851724478338,1,1
7.516528533193492,1,0
10.680117036273893,1,1
6.079177826347535,0,1
4.282736243450487,0,1
5.9800850587658685,1,0
9.084708743490706,1,1
8.927481143693079,1,1
5.025789472269677,0,0
6.933597907048653,1,0
4.305465342207582,0,0
6.4390017664001995,0,0
5.332466162446439,0,0
7.350361151072388,0,1
8.278623241173385,1,1
6.743137501217089,1,0
5.572076367687194,1,0
8.75324720591237,1,1
5.994668762902651,1,0
6.063950462766342,1,0
8.908057306362467,1,1
7.527777360917447,1,0
7.162743649429064,0,1
7.440398387398583,1,0
4.772920775735407,0,1
4.135026974020294,0,1
5.825149173070701,0,1
5.1737164159646625,1,0
7.592072210846727,1,1
9.698321893718502,1,1
6.578135927143096,1,0
6.57731964339556,0,1
9.367377161971504,1,1
8.354616222790643,1,1
6.543845077262625,1,0
5.150574991069016,0,1
9.70791920082208,1,1
7.515478552156816,1,1
7.033821038058991,0,1
4.794473027298713,0,0
7.024807011468517,1,0
9.773236352171043,1,1
10.04186165238443,1,1
6.045821329907272,1,0
5.656881229569956,1,0
9.60334949150075,1,1
5.308961037920027,1,0
5.921938371081399,0,1
4.4044275514358935,0,1
5.147394031198188,0,0
5.580121105707938,1,0
6.7389054800629795,0,1
8.258462653729694,0,1
9.937307102676005,1,1
8.218822494414788,1,1
3.999246243291603,0,0
4.945078681941854,1,0
7.109135381539481,0,1
4.07513296403395,0,0
9.497476068734683,1,1
5.864863095651292,0,1
6.039514624577747,1,0
8.965015251964294,1,1
4.063719719764194,0,0
6.548275432077749,1,0
7.3462511065557115,0,1
5.275101590456343,0,0
7.104363037533561,0,1
5.09732083279086,0,0
4.893307828255674,1,0
7.064985108636905,1,0
9.731777352461028,1,1
6.540267849669004,0,1
5.753846529977823,0,1
6.156101674012183,0,0
9.54112570277748,1,1
6.209664582340711,1,0
10.26726920105335,1,1
6.775691428416566,0,1
6.131275056784113,1,0
3.6581294236350037,0,0
5.02272154008479,0,0
6.877480980778087,0,1
5.2129240738061755,0,1
5.935669980321413,0,1
10.48717614480135,1,1
3.816174902842217,0,0
5.650377934863084,0,1
4.96438545949335,0,0
5.1798216855088155,0,0
9.880148846847057,1,1
7.0046492121445185,0,1
4.636865453251594,0,0
6.182990497160876,0,1
3.914685636809086,0,0
6.734805486388244,0,1
5.270980705081754,1,0
5.652379133807516,1,0
4.924413386645816,0,0
4.976955463414053,0,0
9.447076728228424,1,1
6.841648506317262,1,0
9.568123149597602,1,1
6.1507883120045115,1,0
6.4842650615970685,1,0
5.555460647156095,0,1
6.582275105452618,1,0
4.4134682143831965,0,1
6.930386445879432,0,1
3.8775888975286197,0,0
2.7176570293012037,0,0
4.626406229235033,0,0
8.076622378644238,0,1
5.075458093645851,1,0
10.750641438809682,1,1
9.456956331809458,1,1
4.217450414544056,1,0
7.0253627392064,1,0
5.57262863265694,0,1
9.527749659411707,1,1
3.0882125608248847,0,0
7.051113270422601,1,0
6.6286237836856365,0,0
2.775748912728559,0,0
10.54471959809664,1,1
7.340903726618093,0,1
5.270401537765034,0,0
5.888507688902273,1,0
5.594090989058289,0,0
10.49906000140112,1,1
7.798226975889334,1,1
6.1436878974028994,0,1
9.190288521393573,1,1
8.355530575803723,1,1
8.885126116631564,1,1
4.6452281180266315,0,0
6.753131064492558,0,1
6.669668527349121,0,1
4.2205678503595525,0,0
9.23054291753725,1,1
5.707032556327543,0,0
6.321941318442911,1,0
7.092208990926602,1,1
7.499859553148777,1,1
7.94771350661338,1,1
5.337636986351703,1,0
6.2290332942473245,0,1
3.871860611094468,0,0
9.916532630772421,1,1
7.1923213392134135,1,1
5.937133987501688,0,1
6.136114205600699,0,1
11.030314062018123,1,1
5.332220352547295,1,0
4.487894385422984,1,0
6.847628891745362,0,0
3.594996476365611,0,0
6.9351691301370195,0,1
7.344714738074694,1,0
4.461674644092586,0,0
6.170824365455988,1,0
4.650395389633114,1,0
4.819631057987346,0,0
10.174961997413794,1,1
5.769258361534327,0,1
7.87842732367775,1,1
7.271287604393405,1,1
8.910154275310713,1,1
5.8265615621530165,1,0
5.371183460977659,0,1
4.73511769763817,0,1
5.010174148699894,0,0
5.057373962965931,1,0
4.314977926975548,0,0
4.802457859802345,1,0
10.260321202968969,1,1
5.621397642728017,0,0
6.898461483937586,1,0
6.363748489224432,1,0
5.547259376552952,0,0
4.88360899569142,0,0
4.976317975365013,0,0
8.206286149983704,1,0
5.8092066755018354,1,0
6.410211235580048,0,0
7.299441701191413,1,1
2.97928663609485,0,0
5.4515379624191915,0,0
6.939060491917346,1,0
5.67417166245548,0,1
5.869907465373436,0,0
6.368473219139174,1,0
10.10592437793356,1,1
4.728021725285326,1,0
7.958438904138031,1,1
6.034152180568352,0,0
9.467597987411438,1,1
8.407311053353657,1,1
5.276906992827499,1,0
10.597364213078063,1,1
6.0302961134967275,1,0
4.555958216484315,0,0
6.401325546728482,1,0
3.8071484810423244,0,1
7.862411426089142,1,1
4.321820790804861,0,1
5.812194559616258,1,0
7.301170532961501,1,0
9.120048330858616,1,1
9.799668048202111,1,1
8.430862719212325,1,1
5.214265203679038,1,0
5.604272556059188,1,0
8.741680683982096,1,1
6.091781572593017,0,1
6.211154379388437,0,0
11.458081472829036,1,1
6.542895439115126,0,1
7.187667948273339,0,1
6.561254169250867,1,0
6.070263740774976,0,0
9.676917027059574,1,1
6.204717492197888,0,0
6.061243040351405,0,0
6.702943253871672,1,0
7.20261051438797,0,0
6.041639781762874,1,0
6.640260817989628,0,0
9.280009578905371,1,1
8.484522283340732,1,1
5.740441860491561,1,0
8.364105985915073,1,1
9.04549063091765,1,1
9.48908387636487,1,1
9.022746492932813,1,1
6.029439244802978,0,1
7.087566932293601,0,1
5.096473215667847,0,0
7.575532107978473,1,1
4.358545042554187,0,0
5.674615810714828,1,0
6.616439982809394,0,1
8.523983499667098,1,1
6.444026106394079,1,0
4.620449103684694,0,0
3.9450547248241117,0,0
7.90494116136612,1,1
3.428261715818418,0,0
6.486080625724198,1,0
5.896535407663789,0,1
4.437598629265789,0,0
5.798753825106958,0,1
4.054311613454621,0,1
5.880644392415807,0,0
7.061818459045353,1,0
5.46324933211209,0,0
8.719489267429664,1,1
5.8146883419893465,1,0
9.098542227674873,1,1
10.506078706872172,1,1
5.21201195010116,1,0
5.670611688367007,1,0
7.4052610086843265,1,1
9.105717397448206,1,1
6.164388764741853,1,0
8.944547224149144,1,1
9.485105105146204,1,1
6.640160030940565,1,0
6.20860002470394,0,1
6.242096538763806,0,1
7.706402264716906,1,1
5.951143717949558,1,0
4.428835342094411,0,0
8.798264910451078,1,1
9.440321107673835,1,1
7.929493747919238,1,1
8.694486564798892,1,1
6.401267061907291,1,0
5.699076378001467,0,1
8.925284113644391,1,1
7.300111939873327,1,1
4.72098751599839,0,0
9.19823704672249,1,1
5.904309048144352,0,1
6.876493075053878,1,0
6.967770426821894,1,0
6.550558811951618,1,0
4.237833271279872,1,0
6.94631410989472,0,1
5.560696366941467,1,0
4.524998210933687,0,0
5.084740329789307,1,0
6.00245868105668,0,0
4.155757718831369,0,0
5.459348364536646,0,0
3.328803150423372,0,0
8.396119742409818,1,1
5.079811258588906,1,0
6.323703388832663,0,1
9.94921343908974,1,1
5.015840887292085,0,1
5.0058980642485125,1,0
6.861468603610727,0,0
10.43217990818524,1,1
5.584799477047365,0,0
6.060898678188133,0,0
5.920652680125484,0,1
4.200816199901796,0,0
5.112364023489031,1,0
10.155967680438682,1,1
7.036247344778467,0,1
4.531847170434709,0,0
6.347659214156059,1,0
7.272101262312535,1,1
9.147905746415454,1,1
8.320405013773502,1,1
5.585228160612557,0,0
5.284224145002172,1,0
4.249056992055004,0,0
6.137325598285249,0,1
7.415905841765945,1,1
5.7171110595801,0,1
5.148475976890844,0,1
7.211597325043909,1,0
9.189565892938083,1,1
7.399335627767867,0,1
5.444244332614702,0,1
8.725807009261,1,1
6.6022609847563025,1,0
7.137712887653932,0,1
9.280928589464107,1,1
4.094316151949853,0,0
9.657213207387608,1,1
5.177145285288659,0,0
5.588629186248025,0,0
4.332988582137094,0,0
6.424720436960557,1,0
5.8162448857482945,1,0
8.174851021195277,1,1
5.582885541093593,1,0
6.227621539686458,0,1
5.882534403298662,0,1
6.140702709403339,0,1
6.2089384700890005,1,0
3.2990566362918923,0,0
5.603474248438817,0,0
5.639373758268963,0,0
4.995347452955917,0,0
6.579149937079503,0,1
5.5718908106895,0,0
5.69546712893307,0,1
6.0003003554231595,0,0
5.141385993834008,0,0
7.474010149593876,1,0
4.363817934854463,0,0
6.246354848426958,1,0
6.58690165198407,0,1
4.554942265492429,1,0
9.186578354516094,1,1
5.627724784908359,0,0
9.450420535390643,1,1
6.301230596540682,1,0
6.759819596595094,0,1
6.239194947508077,1,0
9.777710881267955,1,1
9.726931003907385,1,1
7.723089650103194,1,0
4.667629058309923,0,0
3.401298787001983,0,0
5.394415547274035,0,1
4.619364869470059,0,0
8.668394075459899,1,1
3.724119933749569,0,0
4.42476670013545,0,0
4.980199789938701,1,0
6.71987633143988,0,0
5.37503112265691,0,0
7.435950536177284,1,0
6.962173217470453,1,0
8.924143218257987,1,1
8.55239603566517,1,1
3.8866519113053064,0,0
5.084218907441191,0,0
6.051752059388255,0,0
7.218630099867051,1,0
6.063816076143957,0,1
2.6379366604188124,0,0
7.6674963254295765,1,1
5.757230163779892,1,0
9.200666891465838,1,1
4.244101388115769,1,0
10.245428863420488,1,1
5.074643307457102,1,0
6.170547379089195,0,1
10.154607446584327,1,1
9.067946510785294,1,1
5.807008775374282,0,1
7.19559671083603,1,0
4.688052627918894,0,0
5.053978038661701,0,1
7.522536095384282,1,1
5.542379315737191,0,0
5.7891600588530086,0,1
8.797196790371029,1,0
9.287421846765016,1,1
6.6480943248718125,0,1
6.1606514523292315,1,0
3.1730057161121294,0,0
5.046518064576974,1,0
6.444324118128087,0,1
4.531574351779606,0,0
10.603662153253353,1,1
6.092587920604865,0,1
6.217492983408399,1,0
9.400525847935013,1,1
6.632810136070017,0,0
7.060107328623987,1,0
7.214847838992563,1,1
6.893175710182114,1,0
6.386447723886148,0,1
4.743926853029824,0,0
5.430303064783113,1,0
7.793195080395615,0,1
4.446042922388247,0,0
8.57533705474666,1,1
5.15206711454678,1,0
6.108696739087089,0,1
6.171176539654934,0,1
6.069545668157238,1,0
4.028352148464324,0,0
5.54349135575303,0,1
4.677930083502812,1,0
5.669043234725511,0,1
8.717128896889006,1,1
4.909835473956044,0,1
6.350336242871833,0,1
4.309061354737612,0,0
9.741882616641535,1,1
5.358046336594948,1,0
5.7283782995263355,0,1
9.972184861876194,1,1
6.813165812023686,1,0
6.632378842292262,0,0
5.293383938727912,0,0
9.993822449503515,1,1
5.314548247734074,0,1
6.403913364026118,1,0
4.476824333436822,0,1
5.310472101256981,0,0
5.2219097022839644,0,0
4.1680846229548205,0,0
7.47725138945947,0,1
7.387836018358312,1,0
6.663897108324305,0,0
6.565466889374542,0,0
7.878221001048373,1,0
5.294662251786959,0,0
5.959154963128846,1,0
5.993022922188617,0,0
9.24895734081191,1,1
6.921147777925879,1,0
10.575192078302516,1,1
6.462023793684689,0,1
8.129476676899495,1,1
4.994842597585393,1,0
5.60445153344465,0,1
4.809492556805345,0,1
4.159550854273464,0,0
6.678180528241159,0,1
6.024714661694388,0,1
9.20507285381518,1,1
4.766503620491031,0,0
5.27206996525356,0,1
6.106544609252614,0,1
7.909281650581943,1,1
5.160144944721665,0,0
4.33118121073371,0,0
5.547942860524146,0,1
5.6770008146268385,1,0
5.202809288640722,0,1
5.241790709946541,0,0
10.687724177631795,1,1
4.820898930468061,1,0
9.01167448932689,1,1
9.282247885332445,1,1
7.877479665665852,1,0
11.451529490177723,1,1
5.278670205062913,0,0
5.699414574602196,0,0
9.792961981370492,1,1
9.74966293110335,1,1
4.963013906714028,1,0
5.15651652613049,0,1
9.764385291040927,1,1
9.694951440189426,1,1
11.139828079123507,1,1
8.929604978030454,1,1
6.265439086887065,0,1
9.393624676946473,1,1
6.498439093490476,0,1
9.347627763364367,1,1
4.913660732547656,0,0
5.32477527192591,0,0
9.057293406119866,1,1
5.363673380492598,0,0
5.894056320185782,0,1
5.897095557020873,0,1
8.927548922753685,1,1
6.078739503693477,0,0
2.9567318670701903,0,0
4.527712262212075,1,0
6.36524371807753,0,1
6.364659961534829,0,0
4.389789736672778,0,1
7.979296276599139,0,1
7.1579734807732915,0,1
9.379738374679226,1,1
4.195402635932448,0,0
4.496385575742149,1,0
4.611781977204731,0,1
8.476012315401883,1,1
6.28322054878463,0,1
6.561692708599758,1,0
9.296021164162797,1,1
6.6767735089699345,0,1
6.081241008650726,0,1
4.987067385835131,0,1
6.4849911447888156,1,0
6.449091239989654,0,1
7.005505862897817,0,1
9.083227932762085,1,1
9.733850171966028,1,1
5.412824578923095,0,1
6.845946045638279,1,0
6.431431036575381,1,0
8.009143608756224,1,1
5.635699237178239,1,0
7.090564516056935,0,1
5.649704544062674,0,0
10.33664152972935,1,1
6.545821295992054,1,0
7.8523764852228055,1,0
4.7183942246309485,0,0
5.091747148905461,0,0
8.783765182987441,1,1
7.1392368036049145,0,1
6.645793123598167,1,0
5.1332625251086,1,0
5.120671535421683,0,0
7.4954142432678195,1,0
8.028207771069281,1,0
5.977265920063604,0,1
7.389279526331107,1,0
5.6331992681525564,0,1
7.42275724315542,1,1
6.203084508901854,1,0
5.528525240696311,0,1
4.944324425574361,0,0
7.380576566647534,1,1
6.787956493514995,0,1
5.6737102723066375,1,0
10.596232503273427,1,1
4.615961976509363,1,0
6.598881432462977,0,0
6.05325017750034,0,1
5.350959851973082,0,0
5.053901873446965,0,1
6.504445172594646,0,0
9.126752553686714,1,1
6.113053110805508,1,0
4.062148729704428,0,0
10.287111095512522,1,1
3.3586481480966848,0,0
5.093943783098366,0,0
6.212472030890144,0,0
4.695177284509089,0,1
4.970275855537868,1,0
7.101116088512927,1,0
9.109700758178867,1,1
6.598120596073259,0,1
4.683797400560631,0,0
8.998468657924258,1,1
4.062170703050571,0,0
5.822445524226019,0,1
5.148478050022201,0,1
6.109003465223167,0,0
5.934251305954425,0,1
8.09772817811547,1,1
5.947798478457043,1,0
6.265120545691133,0,0
3.68217493817741,1,0
10.50146441170925,1,1
6.912472228519341,0,0
5.771719374010772,0,0
4.383807351338991,0,0
5.8398568536351085,1,0
5.611991925223026,0,1
5.461244441685097,0,0
4.929434091709341,1,0
8.904953191632014,1,1
9.047722216433636,1,1
10.080618394352278,1,1
5.835443870521045,1,0
4.839152919132665,1,0
6.045975715007924,1,0
6.119156708520139,0,0
5.901556077219216,0,1
5.91226702749663,0,1
6.991000970873593,0,1
8.28202530181095,1,1
6.252638844442768,0,1
7.196282060378804,0,1
6.3431240357161505,0,1
4.726962605578514,0,0
5.956547477148687,0,0
7.413342047956243,0,1
5.774628988859605,1,0
4.926153982151571,1,0
8.253402579456447,1,1
4.842110587558982,0,0
3.7721391940774374,0,0
9.124186582446853,1,1
4.4618477904093075,0,0
9.487458540360343,1,1
4.417417981782246,0,0
6.952000995798973,1,0
7.078654448087219,0,1
4.05349332777126,0,0
4.662715653647839,0,0
4.952251708822187,0,1
4.456136045592122,0,0
9.603262348798175,1,1
4.320163706214785,1,0
5.670672277840294,0,0
5.778720115141592,0,0
5.964429747650454,0,1
6.648251029237623,0,1
6.534864988441611,1,0
7.1567886345863565,1,0
6.86880385619793,1,0
5.517085920887637,0,1
8.77014498294642,1,1
4.698661421299262,0,0
5.67477967249709,0,0
6.233085159681195,0,1
5.221378955189454,0,1
5.183709380218879,0,0
8.51475147515135,1,1
5.387208318311942,0,1
5.580377404833866,1,0
8.939449939878505,1,1
5.791973896586846,0,1
7.138539286201226,1,0
5.6903602603879895,1,0
4.2580961106881485,0,1
6.745604733139552,1,0
5.86486943545217,0,1
7.584724168817165,1,1
5.840240519570342,1,0
9.705173397858664,1,1
5.421791777764051,1,0
6.467495543731248,1,0
9.596508880309406,1,1
6.1880613202331345,1,0
4.0940536927560105,0,0
4.70122704268556,0,0
6.037854586921924,0,1
7.740214550389796,1,0
5.645283301477342,0,1
7.152324733213798,0,1
6.48927612299815,0,1
3.898402079239261,1,0
4.685805756617863,0,0
9.527819988979081,1,1
5.283430785062745,0,1
4.581795493790738,1,0
10.842468381448544,1,1
8.506690996736854,1,1
6.114984633713911,1,1
9.796788414033852,1,1
6.108120764185715,0,1
8.688361446294307,1,1
5.4917072137484535,1,0
8.85817491720611,1,1
6.120614857862271,1,0
6.09731111987365,1,0
5.812451348822972,1,0
5.099981548261136,1,0
4.390892500130337,1,0
7.758051131502203,1,1
6.567102791090598,1,0
8.710707711804448,1,1
5.417725283954549,0,1
6.556682436614334,0,1
7.850233400305656,1,0
9.569127519849008,1,1
9.29309943512344,1,1
6.757665838078575,0,1
5.542251453992752,0,0
6.164365330657068,0,0
2.7901258965721523,0,0
5.379040188388645,0,0
5.7346057439711,0,0
5.840970835981855,0,1
6.6269516464922535,1,0
4.6613568194126795,0,1
6.451321295881979,1,0
3.823121043796878,0,1
5.601061703123323,1,0
6.587849548831768,0,0
7.212677520791504,0,0
9.895298649385632,1,1
4.94817871436883,0,0
5.589377295500676,0,1
4.836196793729274,0,0
8.410517584691517,0,1
9.80023976974428,1,1
6.041815662294858,0,1
8.530102976401277,1,1
7.199459941920228,0,1
5.9354199627070425,0,0
5.462458348113995,0,0
4.47778976145402,0,0
5.830011245298793,0,0
3.6297875751394444,1,0
4.3029778008177555,0,0
6.176089532092386,0,1
9.285580451536658,1,1
5.643067764429289,1,0
4.651112787398007,0,0
6.439719052219714,1,0
9.391213530948718,1,0
10.093790557776751,1,1
5.050044821255302,1,0
9.624076109350392,1,1
6.362815055146165,1,0
10.489834190480195,1,1
7.731280792511038,1,1
6.225411332012047,0,1
4.772138099254344,1,0
7.3173688059696875,0,1
5.716475321653805,0,1
7.059000784992139,1,0
4.580785722501779,0,0
3.93649657413191,0,0
5.255695693178079,1,0
5.44009467373847,0,1
6.452701586773236,0,1
6.70037953727714,0,1
5.899838136307265,1,0
5.266232500516536,0,1
4.37274891336439,0,0
5.783851281272679,1,0
8.641793365753895,1,1
4.080289011575955,0,0
8.639552778832773,1,1
6.585111893472589,0,1
3.9541783866942835,0,0
5.164192577574665,0,0
6.907081964653573,0,0
11.437739163221448,1,1
6.919700177625044,0,1
6.8157940517070905,0,1
6.643017075605229,0,0
9.569645636607001,1,1
5.426163581692698,1,0
9.546914322975045,1,1
6.2552205181652285,0,1
7.7238248649483925,1,0
6.703873559792624,1,0
9.45094691288134,1,1
9.526546089257408,1,1
3.12999496087636,0,0
7.413301952369413,0,0
4.207129348858356,0,0
4.541036720383176,0,0
6.961390202521406,1,0
5.350924269389234,1,0
5.601684934236846,1,0
5.851408633071769,1,0
5.550426847508552,1,0
3.572521950376566,0,0
2.355988964262288,0,0
6.363590699129785,0,1
4.531494163477839,0,0
3.9621481674645866,0,1
4.021556445213217,1,0
3.229073607952998,0,0
5.079732758533915,0,0
5.835541677236659,1,0
8.54747597577826,1,1
4.5392505582943805,0,0
8.075849921887288,1,1
6.149927038402051,0,1
4.798892635033013,0,1
9.148214683361452,1,1
6.303276730840741,0,1
4.578178620394406,1,0
5.389895093836162,0,0
10.037925470217523,1,1
6.5156604705096495,0,1
6.017874217633251,0,1
3.0727471246630893,0,0
8.165493521788164,1,1
4.462616107091936,1,0
8.759259584068715,1,1
6.777926323584815,1,0
4.45601440711974,0,0
6.0590346309768295,1,0
5.837189459687305,1,0
7.0994375114888815,0,1
9.223850347097674,1,1
4.8527525335108965,0,0
8.28782905210252,1,1
4.354634811136414,1,0
5.338021032284452,1,0
5.681248733734564,1,0
7.874371940320136,1,1
5.435834302659499,0,0
6.164277977015544,0,1
5.770308039799945,0,1
6.792203564191569,0,1
5.098881447107571,1,0
11.543197149120852,1,1
3.8630931115036056,0,0
10.135658653992994,1,1
7.080579807575779,0,0
10.418133407370508,1,1
8.867774243818912,1,1
9.549983485223434,1,1
4.550155168543151,0,0
6.348854472849306,1,0
5.966814545063437,0,0
5.927326697995629,0,1
4.323297919642206,0,0
5.506531082948195,0,0
4.809029260618558,0,0
6.6544634536127685,0,1
4.115687180749671,0,0
5.1259723863766835,0,1
9.295436052697791,1,1
7.236654905098636,1,1
5.103594260768874,0,0
6.973474967467725,0,1
6.184563583292422,0,1
6.8531871746223025,1,0
5.048010298126236,0,0
4.350682277007602,1,0
9.08133962906751,1,1
7.137376082810119,1,0
5.998463594421511,0,1
3.969413883864215,0,0
9.66662100299447,1,1
5.7917157551860585,0,0
7.677292439542825,0,1
5.736097177392799,0,1
6.316177499101489,1,0
3.9984555906925388,0,0
7.195316207946145,0,1
5.068680169105535,0,1
5.5037462784904685,0,1
6.083168524440492,1,0
3.6854481541550737,0,0
4.475678543613767,1,0
6.3637930144590085,1,0
8.732158377118388,1,1
5.660111399199665,0,0
10.414515393377881,1,1
4.479144842212891,0,0
6.918280115716963,1,0
7.971906729221272,0,1
5.998510994283352,0,1
7.198837753400323,0,1
6.631034657651181,0,0
6.023484660908308,0,0
5.425843484890947,0,0
5.145950278444384,0,0
8.998968263543778,1,1
3.760624439637734,0,0
4.400819315718078,1,0
5.116421478120428,0,0
8.490851582883472,1,1
8.922503584213283,1,1
4.87330830751522,1,0
6.992007719049664,0,0
5.639234176817982,0,1
10.391256702195536,1,1
5.984805837081405,1,0
6.406122331243581,1,0
6.877167829158395,0,0
6.413810090022886,0,1
4.394553234559635,0,0
9.805460593662204,1,1
7.05041108488882,0,0
9.278752925951997,1,1
5.162695521195923,0,1
9.885683340807708,1,1
5.888800760888742,1,0
4.470604638724714,0,0
4.678309498226873,0,0
4.5330983962682,0,0
10.304111801819651,1,1
5.478330328669991,1,0
8.354731125926675,1,1
5.098130286234988,0,0
5.1132521308336,0,1
4.879238529770936,1,0
5.771338824983724,0,1
3.643572354109502,0,0
4.797744275940759,0,0
8.684955994574032,1,1
5.676018953215144,1,0
5.97316361446364,1,0
3.5893955240852606,0,0
7.614227586142641,1,1
6.480376707629646,0,1
5.694797808604183,1,0
10.09515695231288,1,1
3.2538651575561133,0,0
7.1373344006962,0,1
8.334066944716806,1,0
9.507171944625473,1,1
5.42530530408999,0,1
5.520530205787459,0,0
5.6800335204374255,1,0
9.3140023101844,1,1
4.41877532044319,0,1
6.8496876170836805,0,1
8.74544722210463,1,1
6.1347967416897955,1,1
5.490985950679135,0,0
9.537290230353095,1,1
4.32653409876101,0,0
3.6922277599934414,0,0
7.4834306143804445,1,1
6.174909214152767,1,0
10.662276312856395,1,1
4.72335168392001,0,0
9.217687315753198,1,1
4.419236759547279,0,0
7.060392505404922,1,0
6.381544103683575,1,0
4.327915301040667,0,0
5.804574770220114,0,0
5.063104987798123,1,0
6.681002448478257,1,1
7.2961785363673455,1,0
5.049618166015562,0,0
3.826113366887073,0,0
5.961365158013403,1,0
5.820834547014037,0,1
7.043332729059619,0,0
8.795786946657891,1,1
5.9849739331482885,0,1
9.058757235479133,1,1
6.270284553174884,0,1
5.532056546530506,0,0
5.453105133688614,0,0
5.803896983049984,1,0
6.540545644266637,1,0
6.17404452239155,1,0
5.452467777636955,0,1
4.962485423514023,1,0
9.392379627491552,1,1
5.89729948066672,0,0
6.7130420454036,0,0
10.22689292295631,1,1
7.008336470277849,0,0
3.399137602774312,0,0
8.480126447569198,1,1
4.285336674387804,1,0
7.895776255432249,1,1
4.687747022339142,0,0
4.768788717242586,0,0
7.132204348772637,1,1
4.460732622057438,0,0
3.4891105119593995,0,0
5.975425573115701,0,0
5.641542365343535,0,0
5.296592651849415,0,1
4.861711738151059,1,0
5.68718330843215,1,0
7.795612933538503,1,0
8.422845410004848,1,1
7.7932835014996,1,1
4.91848098849262,0,1
6.7909168329474126,1,0
6.686710319314207,0,1
10.010098718741848,1,1
4.777066415555817,1,0
5.989839764814671,1,0
4.451123897728466,0,1
8.55609333775113,1,1
5.355199226557973,0,0
5.224068411293006,0,1
6.377839414252647,1,0
5.15519506113187,0,0
6.424246063903794,0,1
5.36463187835441,0,0
6.522819080834743,0,1
5.732652330906061,1,0
3.984776350347996,0,0
6.449432123508637,0,1
3.87860596466992,0,1
7.2952809050227065,1,0
5.421837081880874,0,0
5.249843533394432,0,0
6.29389552463368,0,0
4.982675323885868,0,1
8.904073590446181,1,1
10.569750876710012,1,1
8.763840631135128,1,1
6.590858850980214,0,0
4.48137433417603,0,1
9.194633906871909,1,1
7.946317972815798,1,1
5.439249479627483,0,1
7.42922028976615,1,1
5.230034747719953,1,0
6.1365377903219835,1,0
6.706587485045884,1,0
6.395351693062367,1,0
7.318112245797957,0,1
5.73788626425265,1,0
3.945869596392229,0,0
8.515910166809299,1,1
8.012064402575,1,1
9.077110987433588,1,1
6.737951507855179,0,1
4.834753075491464,0,0
5.887245946072136,1,0
5.35581087898021,0,0
9.04462604708311,1,1
4.792194288942634,0,0
5.078716956019015,0,1
4.676229008515247,0,1
6.09779558990258,0,1
5.57205228457265,0,0
4.262504492993194,0,0
8.214286409666782,1,1
6.325699110143268,1,0
4.397536439312443,1,0
6.123610282097065,1,0
6.211589012031907,0,1
10.808420028857674,1,1
5.837765764830308,1,0
4.422989055452289,0,1
3.935764880362049,0,0
4.22186061712016,0,0
7.852330074754836,1,1
6.303090655170908,1,0
5.918785750498848,0,1
6.629303049743283,0,1
4.950340206961955,0,0
5.77178289956999,1,0
10.816568608289057,1,1
10.9273407841655,1,1
3.8023788643085443,0,0
5.138608260242276,1,0
4.014787875170294,0,0
7.419784404554848,1,0
5.0959258555016325,0,1
5.302889350629647,0,0
5.499980588956011,1,0
8.467330847973443,1,1
7.682795311080512,1,0
5.679094580218366,0,1
11.783632080233623,1,1
4.339724902114475,0,0
6.565116856685769,0,1
5.286976432004064,0,1
4.388209755209781,0,0
10.006762001973868,1,1
7.827611526678092,0,0
8.162507911843544,1,1
6.697292906729997,0,1
5.4175280373136365,1,0
9.641994833396327,1,1
6.435407567441347,0,1
4.098051007323234,0,0
9.215498480956859,1,1
5.758769217208568,0,1
6.5327552026529165,0,0
5.111697428105058,0,0
7.390172802936699,1,0
6.25478448758475,0,0
8.670539749963977,1,1
4.72573005255459,1,0
9.647838072713276,1,1
6.59398688951994,1,0
4.796563831657456,0,0
7.263777085458379,1,1
4.1291392857272555,0,0
4.920963403544453,1,0
6.738133481558988,0,0
8.147019347602221,0,1
7.44020736362547,1,0
5.820365595286762,0,1
5.118778133127978,1,0
9.798412755616113,1,1
5.759774239643768,0,0
5.852149717811421,0,1
9.7658168456133,1,1
5.694632958564138,0,0
6.450840069986354,0,1
5.631906374988448,0,1
5.5311194601287665,0,1
7.597207942329851,1,0
5.277911412952608,0,1
5.944874584853514,0,1
6.655065606716706,0,1
7.89122543397873,0,1
4.05238554779546,0,0
4.4522227823049185,0,0
4.445591314526175,0,1
6.296395057173478,1,0
4.602047796510892,0,0
8.844981164175163,1,1
5.003964629629864,1,0
6.294697098017669,0,1
7.464313873705178,1,0
8.701176910289945,1,1
5.648701884403233,1,0
9.366030859543436,1,1
5.082391246309198,1,0
4.760643143860637,0,0
3.873965651679648,0,1
3.714190195292553,0,0
3.5806569626474603,0,1
4.616609642671281,0,1
8.167835947100881,1,1
9.324362028974823,1,1
6.149641803344569,1,0
7.4684677412636455,1,1
5.381283712759995,0,1
5.785625988974051,0,1
4.800889801470727,0,0
11.105539689631017,1,1
9.969309053174271,1,1
5.511752832653748,0,1
5.119950537112453,1,0
5.880216197871862,0,0
5.53229796814781,1,0
6.351569414945411,0,1
6.1682586320218125,0,1
4.805295206631659,1,0
6.990424466390151,0,1
5.6350147952241025,1,0
3.624334873287345,0,0
10.540548919158583,1,1
4.079218532611759,0,0
5.725931399449703,0,1
6.74924444971052,1,0
6.645390964841843,1,0
4.791113651649006,0,1
5.043018907458999,0,0
5.048156136723301,1,0
6.595765445210798,1,0
5.061031615137417,0,1
7.067548841763492,0,1
7.870264494088982,1,0
5.2429489698574745,1,0
5.559972609635319,0,1
6.448252385372823,0,1
4.451354195904266,0,0
6.585210127861571,0,1
5.580320621725883,1,0
5.411730303879187,0,1
6.504186559670786,1,0
9.885723337651024,1,1
6.455623835034614,0,1
4.650335051306428,0,1
5.213189481866627,1,0
7.045778963595129,1,1
4.362058255104588,0,1
5.831321192375274,1,0
5.688137276872916,0,1
5.400065706510871,0,0
7.731222210382155,0,0
4.0630524920462365,1,0
5.697782169231405,0,1
6.41353983962938,0,1
5.347527104170015,1,0
8.617988330800074,1,1
5.800210973181092,1,0
8.594837736940168,1,1
3.7091652073009174,0,0
7.184555443515966,0,1
6.172276017824238,0,1
6.376482711003918,0,1
4.82250201395073,0,0
5.572484169087647,1,0
5.149377869141395,0,1
6.3040842171891605,1,0
6.894408109292588,0,1
3.4256706596299495,0,0
4.528023945368324,0,1
5.245837010128206,1,0
6.418640274866385,0,1
6.328142564539007,1,0
3.7891002765686026,1,0
10.212384602602514,1,1
4.708250506315556,0,1
5.8168720901322715,0,1
6.107026806318123,1,0
6.3266642597169795,1,0
6.88807492932859,1,0
9.702267482077792,1,1
7.640935040387059,0,0
6.9872909418045674,1,0
3.1929601135774908,0,0
5.582596643927047,0,0
9.285624444910061,1,1
5.735050312112419,0,0
6.531236940950244,1,0
6.249212989185793,0,0
6.9356836598938845,1,1
8.279195698683758,1,0
6.951070165753813,1,0
7.827445606721974,0,1
5.094732437921675,1,0
7.009552229789372,1,0
6.13221123562361,1,0
5.222890354546636,1,0
7.838493060985877,1,0
4.81151546750783,0,0
5.662034716461317,0,1
7.384799350133609,1,0
9.08740012695949,1,1
7.246416942852479,0,0
7.272002564515877,0,1
5.481203836795408,1,0
4.142318622917168,0,0
5.3404923917183424,1,0
6.042612062131232,0,0
7.548296218361939,1,0
7.78082421616825,1,1
4.202079559129712,0,0
8.693459002544072,1,1
4.408099037038588,1,0
5.765844446270411,0,1
9.931586418020487,1,1
4.84000540426214,0,1
5.382720831787622,1,0
3.9985797920743718,0,0
5.531880420723337,0,0
5.648365644501878,0,0
6.5041002139217134,1,0
6.085879080648479,0,1
3.067728791176371,0,0
7.715166343779655,1,1
4.130870405968071,0,0
4.911055061303109,0,0
5.066365394757983,0,1
10.612651650258957,1,1
8.054120370147363,1,1
8.368206068394407,1,1
8.982704643808512,1,1
3.8455747235564073,0,0
5.316632126905236,1,0
5.599562118584643,1,0
5.866468841556215,0,1
10.445494552591594,1,1
5.438017434872915,1,0
5.507519730383907,0,1
5.716434092447713,0,0
6.254648513464859,0,1
4.64581341122828,0,1
6.566446777419822,0,0
5.134657342548551,1,0
5.491210600028106,1,0
6.9400969520961135,0,1
7.444388555274311,1,1
6.284890168011743,0,0
10.366114047342993,1,1
10.056730747760229,1,1
5.212119620269993,1,0
5.946805469651323,0,1
6.786423316066077,0,1
5.849101370447877,0,0
8.33541334069552,1,1
4.794549285276305,0,0
5.200436182875915,1,0
6.1734876386236905,0,1
3.5080952204724163,0,0
7.004339257066777,1,0
8.169025049532951,1,1
5.080548162437028,0,0
3.797652582056833,0,0
7.4391155642388895,0,1
7.071052263961979,0,1
7.9024414650516785,1,1
3.7214869261679855,0,0
8.605429738358561,1,1
8.6282797974662,1,1
5.773527482026385,0,1
10.238691322912945,1,1
4.217335593884279,0,0
5.751870370504339,1,0
5.7019328279638675,0,1
5.349319951832902,0,0
9.15924138689883,1,1
9.13785366727132,1,1
9.249729073596379,1,1
4.5038591837682205,0,0
4.009456449623235,0,0
5.583638590748472,0,0
6.330442926649962,0,1
6.227208768183338,0,0
4.6044017521843745,0,0
6.3064763636650865,0,0
5.671649174762377,1,0
5.099222815173941,0,0
5.419566691215154,1,0
4.9657734101307955,0,0
8.571462261991192,1,1
5.861739892114013,1,0
8.742978245797094,1,1
7.702006693262805,1,0
4.675290799435504,0,1
9.409168582923417,1,1
5.939128991584744,1,0
7.550538141158813,0,1
10.749954226249393,1,1
6.183721293709672,0,0
9.109243773621623,1,1
5.069143698416603,0,1
7.694894386322727,1,1
5.5630588595073105,0,0
5.5546109204011245,0,1
9.538074686786551,1,1
6.449577144179181,0,1
5.334132824885438,0,0
6.970707666752684,1,0
3.4375037630388343,0,0
8.534059413419076,1,1
6.627023739929029,0,1
3.5846536969542266,0,1
5.173907048075434,0,1
4.5153404427332715,0,0
6.102648378433205,1,0
5.2805026343678865,1,0
9.968051463611188,1,1
7.508756079450457,1,0
4.756722646466428,0,1
5.52455852714872,1,0
6.660879960841683,1,0
4.879211009077311,0,1
6.479423441033862,0,1
11.123684441546215,1,1
4.321545625733666,0,0
3.6774811630868642,0,0
4.713162418553441,1,0
5.605621782269307,1,0
6.05852193413137,0,1
5.07901006744628,0,0
6.251101978269781,1,0
6.979288494579691,1,1
9.509769675197731,1,1
4.951816046172739,0,1
6.605006990585794,0,1
9.178950954944453,1,1
5.537981119943337,0,1
7.222679417423661,1,0
9.47661526261349,1,1
5.416701726632793,1,0
7.500040203487835,1,1
6.658887382471681,0,1
5.094273037957029,0,0
6.918151606477516,0,0
5.892795856353429,1,0
6.724284021442542,0,0
8.48140354544329,1,1
3.4329618108286675,0,0
5.0328615897284905,0,0
9.251040449542366,1,1
5.727221582988355,1,0
7.083686825861353,0,1
3.8880704432009594,1,0
6.449448207786416,0,1
7.047235434766951,0,1
6.961533213222091,0,0
4.2164831234437905,0,0
4.770130073444131,0,0
6.730341433670003,0,1
8.417388627950372,1,1
6.207498145533903,0,0
4.040229616702526,1,0
8.069332181021034,1,1
7.735606893390294,1,1
6.20136719890918,1,0
6.007751399206569,1,0
8.938738792311549,1,1
6.040680748393674,1,0
3.7931002754991843,0,0
6.0998235105572745,1,0
6.826839873272275,0,1
4.956946216148426,0,1
4.776099022266549,1,0
10.800195639179465,1,1
9.260111907174783,1,1
2.409018549560199,1,0
7.5132267534557275,0,1
5.319194508549901,1,0
6.916978492423205,0,1
6.6739984417257645,1,0
7.669426360235919,1,1
5.810644308244035,1,0
3.885825638433725,0,0
7.681803087894219,0,1
5.635619173027524,0,1
5.49615348036398,0,1
7.612350312474367,1,1
5.4532070520403835,1,0
9.791779045147424,1,1
4.911678398823106,0,1
5.168960811481417,0,0
6.3921682544235585,0,0
9.825833653552442,1,1
3.2453498982788482,1,0
10.261703540268773,1,1
