age,edu_years,experience,income,high_income
41,18,12,32065.72954016224,0
64,14,37,46857.19726255332,0
64,18,37,60268.10099965834,0
38,14,16,48458.8515917884,0
63,12,34,54366.315048051605,0
57,12,29,52673.22566146554,0
49,12,31,49013.74710002499,0
58,18,29,46329.79715952809,0
54,14,35,55089.23489064805,0
63,18,43,48697.50968711103,0
38,14,14,31700.68044154475,0
25,12,0,28130.820657384484,0
41,14,23,50930.820789934354,0
35,12,10,29914.742583535757,0
42,16,13,26993.894912965654,0
61,18,37,74810.36640107364,0
63,16,39,62106.52339623127,0
51,16,27,53352.85437719511,0
49,14,25,40911.96731316914,0
34,16,16,54431.09357809647,0
22,12,2,41446.24340827308,0
38,14,18,44146.76223845071,0
41,12,17,41694.95316900436,0
31,12,3,42207.87312778711,0
56,16,33,61937.22199567722,0
29,16,4,37291.80244502428,0
42,16,24,39729.751514731215,0
28,16,7,27739.240603806826,0
36,14,14,55534.683290092275,0
63,12,44,59434.29105683914,0
50,16,27,53202.80849153802,0
40,14,21,35035.80242370062,0
31,14,2,48346.15104760744,0
24,14,2,41434.288704653416,0
59,14,38,54194.93621139943,0
43,16,19,19104.62986595896,0
48,14,28,59253.72458309157,0
34,16,6,25353.42148374687,0
24,14,0,29941.226374347734,0
31,14,6,21803.077547710433,0
27,14,5,27067.74283441222,0
30,14,4,23752.339223574465,0
28,16,8,33884.44629098238,0
46,14,26,38872.24364608165,0
26,14,7,49188.2906559088,0
47,16,26,68008.19515226288,0
46,16,26,36975.495989676376,0
60,12,42,57421.539149943426,0
42,14,16,57804.86078898313,0
26,16,5,34431.91113067671,0
35,16,12,51330.769560139765,0
43,12,20,30566.03498617393,0
35,18,10,36017.51004677096,0
34,14,7,31073.281048390556,0
32,12,4,33634.098228335526,0
42,12,14,45748.380528951966,0
60,12,34,43452.04923232217,0
62,12,40,54254.8918495169,0
52,16,29,37960.11838883321,0
61,14,39,37093.06054359434,0
64,12,45,56018.11881029569,0
54,18,32,37167.77457119142,0
59,16,40,50694.65977711022,0
55,16,26,48078.42770372011,0
41,16,16,46376.25549625727,0
33,14,11,25191.96625237062,0
62,14,34,54888.84492561995,0
44,16,19,50623.42057908154,0
26,14,0,28566.328246294455,0
56,18,37,67240.31331167222,0
24,12,5,9378.17684028796,0
54,14,26,36537.87384512838,0
34,16,11,36033.50146889591,0
46,16,20,38906.91279586038,0
48,12,26,36786.55518374483,0
58,14,37,60490.78770986053,0
63,14,45,63979.36683771055,0
58,14,36,61760.14610700692,0
41,14,16,30426.077883251965,0
37,14,14,44342.50273624074,0
42,14,18,26901.530805331546,0
41,16,13,36233.88727250334,0
36,12,7,32238.81525439239,0
34,12,5,33870.98670623276,0
36,12,12,33119.37723893799,0
56,18,27,57821.57851811279,0
35,12,17,45561.60468419186,0
43,14,15,38877.978539875505,0
29,12,9,21660.407208532302,0
46,16,28,36696.42334274515,0
62,12,33,43493.64079843094,0
42,12,24,49205.78471646566,0
39,16,13,38070.97165759678,0
32,12,6,22296.527599979083,0
34,16,10,51127.18815916329,0
64,16,42,55811.29273149076,0
28,16,4,21529.88243254864,0
45,16,26,62104.05588716517,0
41,14,21,35672.46696268469,0
63,12,40,68148.1621126706,0
40,16,11,44003.11117483053,0
31,12,7,49650.00980085471,0
42,18,24,59267.93110180365,0
60,12,41,63263.43988718511,0
32,18,12,30429.989469334912,0
35,12,11,26544.28038935083,0
50,16,25,66304.2923422171,0
36,16,14,36161.478345355856,0
22,14,0,34887.42955152838,0
52,14,28,43931.99033244725,0
50,14,30,65959.71424674345,0
54,14,31,59018.74275890395,0
59,16,33,37847.7224012725,0
63,18,37,63556.87880778021,0
23,18,0,36438.29968599267,0
63,14,44,58970.16279197138,0
54,16,34,41978.99757122822,0
62,16,42,64346.21757247976,0
37,16,14,48548.41638602475,0
49,14,27,55646.66377983884,0
63,12,38,42860.70073260369,0
39,16,18,14476.820589494313,0
62,16,37,68214.70889253795,0
28,16,6,44062.31292872678,0
33,14,6,57462.241069612355,0
38,16,13,32728.73517796101,0
63,14,41,67063.05999963835,0
35,18,13,42166.88380367026,0
49,18,23,62627.437437630804,0
48,16,30,55192.4889172847,0
30,14,2,42953.54653803696,0
45,18,18,33079.80700885511,0
45,16,26,31570.107492506468,0
26,12,2,25565.88898837751,0
33,14,15,31003.329199564207,0
42,16,14,51106.67568593462,0
51,14,23,32692.371335246607,0
58,14,33,76355.30209958536,0
49,16,24,57626.44792751023,0
50,16,25,45747.778852897114,0
28,16,9,28611.396217827813,0
24,14,0,42438.64198617144,0
61,14,33,60160.78818666876,0
25,14,0,31890.706356871062,0
64,14,37,44455.767021273205,0
29,14,3,35254.95753302787,0
42,12,21,20052.091135335588,0
57,16,37,52137.048827481085,0
37,16,15,35893.63047953295,0
64,14,41,44706.8446903456,0
25,12,2,24389.767907964477,0
39,16,12,36215.34544567923,0
48,12,28,34757.61517048879,0
64,14,43,72943.13915533356,0
45,14,22,36449.80518084491,0
58,12,38,40647.114657599675,0
27,16,6,41108.27107989996,0
28,14,0,23159.019425922503,0
34,12,6,22870.4724840212,0
54,14,35,59700.775554136584,0
30,14,8,40052.11774447257,0
47,16,29,36057.87631515075,0
56,18,34,64523.43558588119,0
45,12,26,43465.74352772301,0
60,16,36,45664.300212394985,0
50,18,28,39354.039028487314,0
24,18,1,46259.5959673904,0
64,16,36,55251.88562965197,0
53,16,29,60114.16007401439,0
30,16,3,36834.03208962472,0
56,12,36,48605.208549010946,0
62,12,44,47374.91933630156,0
56,16,29,49055.00762833044,0
36,16,10,41309.579279034515,0
60,12,41,48360.39751262604,0
55,14,33,48504.11770348105,0
47,16,18,33128.95701817299,0
34,16,6,29824.023401404385,0
29,16,7,43992.840038422335,0
32,12,11,30222.055967395856,0
28,14,2,39452.64374915486,0
24,16,0,29311.691521086137,0
48,16,28,49775.37247814163,0
51,16,31,47055.42846133803,0
38,14,12,30680.35304381611,0
37,18,13,43157.108790501145,0
25,12,0,28931.016419716034,0
40,16,19,60631.59801793391,0
43,14,19,37027.13148736316,0
64,16,43,27406.906218901113,0
22,14,0,39794.04613796168,0
35,14,8,41937.53062989548,0
61,12,39,72582.16552886681,0
57,12,34,57519.464826076524,0
46,12,27,43971.844014285,0
45,12,18,21872.65699445792,0
43,14,16,37976.454420292874,0
27,14,4,43382.14726503782,0
39,14,17,32159.110776897745,0
32,12,11,45176.39395743795,0
23,18,0,49898.15783302642,0
26,16,6,41514.61887762627,0
27,12,0,26418.786527741366,0
32,12,5,28221.142994821377,0
60,14,36,59310.15514504404,0
59,14,34,66598.88757897109,0
50,14,32,65243.38233424385,0
56,16,37,56577.692979012645,0
43,18,20,61399.21033789091,0
46,16,21,43681.83159381632,0
24,12,0,24843.069912479536,0
33,14,12,35187.688360470616,0
36,14,9,29416.00450874002,0
50,16,24,42514.665530180726,0
37,12,16,32637.70524944804,0
49,12,20,38572.94224315132,0
59,16,38,48261.69055873192,0
47,14,24,52500.940630683166,0
50,16,21,51992.495591499115,0
22,16,3,30475.730670580844,0
31,14,7,43575.962752169464,0
34,18,14,39999.71142943971,0
31,18,3,17326.42290127016,0
41,16,23,53656.37837513913,0
45,16,20,34390.926021695705,0
53,14,24,53499.2638886772,0
36,12,15,30599.826320521533,0
46,18,24,47357.47802676509,0
49,16,28,50119.5583432491,0
37,14,16,41386.77376885011,0
49,14,31,52315.76942777788,0
56,18,38,54562.385491203684,0
34,14,7,31727.634917394356,0
41,16,13,49046.30299866531,0
51,16,29,61017.3147347452,0
44,12,22,35148.95915178972,0
29,18,6,28154.355013775697,0
50,16,31,35446.32502779423,0
35,18,14,53225.29065866632,0
33,16,4,39115.943563804816,0
53,16,24,43036.057746688486,0
45,16,19,38850.21782254437,0
26,18,0,33344.71899981227,0
24,16,3,25986.03017857048,0
54,14,36,73276.24998750069,0
32,16,14,37204.651802642045,0
55,16,34,53699.173090706514,0
50,14,27,44300.75795546731,0
47,16,20,36588.33978774751,0
63,16,39,41485.83231605093,0
45,16,26,38705.35490041367,0
37,16,18,33394.969202409986,0
23,14,0,34195.82373968813,0
45,18,22,39212.31849343241,0
59,16,32,49988.27271292919,0
44,18,25,50270.69561040954,0
44,14,17,35961.21214641388,0
37,14,9,36803.424677970026,0
62,16,41,46802.699818515226,0
48,16,23,62816.88174014335,0
25,12,0,17859.878040099953,0
47,14,20,27659.77655157168,0
39,12,11,37667.269259056564,0
30,18,12,37928.61750850045,0
60,18,33,44298.77861217506,0
26,14,0,52677.49962025289,0
44,16,24,44542.406536086906,0
38,18,14,35388.15130908339,0
22,12,1,9454.926806910618,0
35,12,14,39868.37594546157,0
27,14,0,43792.95096590219,0
43,12,18,45997.90239494032,0
58,16,32,48397.34730209765,0
31,18,6,42285.624802735256,0
30,12,10,10320.323283709338,0
64,12,39,55699.95774673034,0
37,14,17,39698.33091107355,0
36,12,10,40790.26617891066,0
32,16,10,48103.47584529254,0
48,18,19,63709.02302597034,0
51,16,28,67548.53964092975,0
39,16,21,33407.207665276204,0
41,18,22,48799.34233119033,0
24,14,1,40125.914743697416,0
62,16,37,36301.85252596009,0
59,14,41,59576.255726033836,0
29,14,1,39654.86770119448,0
38,16,20,32870.03862907488,0
43,14,25,45290.3706479934,0
37,14,17,42895.675167352536,0
45,16,18,35408.53493947356,0
22,16,2,40458.59525941656,0
51,14,24,49715.776966806065,0
45,12,17,43297.23292230129,0
25,14,0,26408.72125765624,0
63,16,45,58306.322400954516,0
24,16,1,18885.15046380587,0
62,14,44,39177.20378159909,0
22,14,0,25276.110807809655,0
30,14,5,48243.508819410024,0
57,14,29,48730.40779580392,0
50,16,30,42888.90938196442,0
41,16,12,24951.446105605148,0
56,18,36,44457.99566861353,0
26,14,1,31797.03552450318,0
45,18,22,63804.515865235386,0
41,12,12,22949.146730287976,0
51,14,29,62428.10085882648,0
51,16,24,65056.42839850491,0
26,12,0,44571.5192324516,0
44,14,19,57698.9289826438,0
35,14,12,40868.46119511053,0
56,14,34,46371.11513566497,0
51,16,28,61146.08764952355,0
27,14,5,29609.99016639148,0
42,14,23,27393.365712924377,0
45,14,26,40700.26781119373,0
52,12,24,46918.04645677334,0
62,12,35,66872.10129787728,0
41,12,14,29862.984024775826,0
33,14,4,51294.003094717,0
35,16,11,18462.246597421272,0
40,16,19,51150.87950046678,0
50,12,25,14001.685643199828,0
39,12,21,42914.74797989696,0
29,18,3,36708.92254383498,0
41,16,17,28971.547791900164,0
24,14,0,31079.80162375781,0
30,12,4,29638.041626500602,0
36,14,16,24519.845549001584,0
49,14,25,38786.12636153569,0
63,16,37,62332.00612274773,0
37,18,18,57161.73380305527,0
46,14,17,46058.14627656069,0
59,16,31,44847.27050094383,0
62,14,41,61507.84923821984,0
62,14,39,55512.05563332393,0
33,12,12,27312.640550541968,0
34,16,15,46392.42118760298,0
41,18,22,54427.926645041516,0
31,16,3,43557.15779695502,0
31,14,10,24538.17357240937,0
61,12,38,56218.52975554,0
54,16,25,60335.43104155541,0
43,14,22,41238.82849432794,0
33,16,9,38236.30312066356,0
32,16,7,46792.378361981886,0
23,18,0,29128.223027172367,0
38,16,13,43131.62803330243,0
52,16,26,45769.84595608809,0
40,16,16,45614.2449297533,0
38,12,16,19475.742719291466,0
63,12,35,51431.8327878868,0
31,14,13,31852.05982755081,0
61,16,43,54784.50656341472,0
39,16,18,42497.03125075077,0
37,14,17,32420.760397843493,0
41,12,20,36338.894974974624,0
49,12,27,38818.966647551555,0
29,16,8,30193.360441545556,0
41,14,23,53081.567467767905,0
55,18,28,50061.458587322966,0
27,12,5,35919.84776651889,0
47,16,26,36793.72393712842,0
34,12,12,27723.456437024037,0
45,14,22,40659.050092974794,0
34,12,14,32048.596669068284,0
45,16,22,56822.01792745986,0
41,14,15,41102.21753773117,0
54,18,36,68124.05613921105,0
48,14,27,44307.31541325947,0
27,12,1,42609.47784708733,0
35,12,9,25484.86045373813,0
51,14,25,31375.899879329052,0
37,14,11,41056.41653085765,0
64,18,39,59221.009443529874,0
50,14,27,63702.37419859457,0
48,14,26,56042.53505189739,0
53,12,25,66956.35131884676,0
63,16,38,54485.56258671071,0
52,14,28,40894.96834366939,0
33,18,14,27763.086317134563,0
42,18,24,46738.656913632585,0
26,14,3,32202.615348324332,0
60,14,37,36038.06899361598,0
25,14,2,41884.08984396716,0
29,14,10,49335.35940932763,0
48,16,28,31111.704909869695,0
39,14,11,32177.28913584773,0
36,16,7,36904.229250126235,0
63,16,39,52253.857411443096,0
33,16,14,34656.51057568941,0
30,14,5,31882.254306256655,0
58,12,39,53269.66127500303,0
43,12,23,39197.65175347842,0
26,16,0,45425.13447778925,0
24,16,0,41188.49243078115,0
27,14,7,36761.88236047508,0
45,14,16,66874.84796916514,0
22,18,0,40935.461805448576,0
62,18,42,44363.290349133444,0
40,12,16,34920.96364926137,0
24,18,0,45665.05746194418,0
35,14,14,38397.26089437475,0
60,12,36,53495.27275637967,0
52,16,26,52835.16965088254,0
52,12,33,48949.63304923608,0
23,16,2,55082.302570624524,0
26,18,7,42365.035198732636,0
57,16,37,45521.75302500024,0
45,12,24,40396.87068598204,0
64,14,46,59626.234075170614,0
27,16,3,41773.23510734795,0
47,12,19,28246.213029893304,0
64,14,36,49034.481982335055,0
46,18,19,43134.762828134946,0
33,12,14,38016.53540355167,0
60,14,40,66011.94730959888,0
60,16,35,56114.82467803671,0
24,12,2,22380.378418633838,0
62,18,44,70027.47529659407,0
52,18,23,42900.470020043766,0
54,18,25,67286.55651482909,0
61,14,32,58421.429343079355,0
50,14,26,43719.61217782929,0
27,18,0,24133.25376882019,0
35,12,16,41493.09536303314,0
55,18,33,52916.4510939508,0
34,16,11,37725.98895425517,0
37,16,16,56068.46706846868,0
56,12,29,41722.436758264055,0
29,12,2,38251.26472491348,0
32,14,12,48354.53625200496,0
24,18,0,21159.901661385673,0
58,14,32,41679.306051606094,0
64,12,35,37888.62571121778,0
54,14,28,32621.412111006546,0
57,14,34,65253.60687822624,0
37,16,10,27958.68455892723,0
53,16,30,47526.45445517206,0
38,18,17,47050.06702009909,0
47,16,29,38729.68912621984,0
33,14,6,62104.37062259174,0
34,16,7,35995.21547994213,0
26,12,8,7234.661322808915,0
42,14,18,44961.12497827389,0
51,14,25,52107.93626774878,0
28,14,1,43526.90598755071,0
58,16,33,35983.21761073759,0
23,14,0,24933.31890929048,0
33,18,15,33499.446632137275,0
53,14,33,52093.18159477587,0
27,14,5,36791.57732264021,0
42,12,13,31882.730025118457,0
22,16,4,34062.354040194776,0
61,14,33,57070.089404669976,0
24,12,3,34830.58378675913,0
30,16,8,12765.702461361965,0
50,18,26,40603.18203116016,0
44,12,18,56847.99329302744,0
58,16,29,48310.68911021456,0
51,18,29,50953.9648310271,0
62,14,42,54952.085825030525,0
37,12,14,42388.30369393101,0
50,18,26,49808.952145386276,0
39,14,12,20381.087741070547,0
41,16,14,42059.760879150635,0
64,14,44,65078.363560134254,0
23,14,1,32663.834752606672,0
29,12,5,26479.868730564776,0
58,12,35,47599.79982970429,0
33,18,11,31884.9573144229,0
54,14,26,63599.492107590144,0
49,14,30,48824.10647896165,0
56,12,31,41887.47412768486,0
54,12,27,33741.96446275255,0
57,12,34,58930.75027742733,0
50,14,29,46797.16156193789,0
59,14,30,33311.45792057844,0
42,16,22,52755.744137326765,0
38,14,16,30373.081443941723,0
27,14,0,47714.26455970378,0
57,18,29,42706.72308074371,0
22,12,0,38820.236889554624,0
27,14,0,32908.890388104846,0
24,18,0,51185.52351299258,0
48,14,24,36602.94345700163,0
63,14,37,39649.511150255305,0
26,14,8,37239.63434529265,0
23,16,0,34743.10623608601,0
33,12,12,40653.89060962646,0
31,16,3,46206.86585896464,0
28,16,10,23177.43854227548,0
37,16,18,43537.691778685905,0
35,18,13,52444.63888762348,0
34,18,8,23341.3255694098,0
62,12,44,75915.32768238932,0
24,18,0,31080.35873680334,0
39,18,17,49848.67305678091,0
60,14,37,34041.10296968879,0
42,16,14,29944.116084761656,0
43,18,14,56266.820544729875,0
38,16,18,35767.279886770484,0
62,14,35,66901.913495604,0
30,14,5,28763.89624851512,0
41,16,14,48132.148648015704,0
55,18,37,55848.10603405185,0
42,14,20,38573.226357376974,0
59,14,39,49928.00946358724,0
55,14,31,46921.32015360073,0
32,16,6,31147.68571573941,0
26,16,0,32404.62916627892,0
38,14,14,42721.28938590359,0
51,18,29,45969.45067967737,0
33,16,13,32862.509319016215,0
40,12,13,31625.15771990979,0
39,14,13,62035.44078027093,0
31,14,7,32706.370570931605,0
30,18,2,13845.252524310901,0
48,16,27,54964.738871491674,0
48,18,24,59737.37552097985,0
42,12,18,50449.42223197521,0
30,16,2,41437.95725401462,0
37,14,9,55775.73076032719,0
46,18,23,57317.2635283995,0
60,18,31,52604.95250049049,0
61,16,38,48671.272173981386,0
50,12,23,50526.37861013447,0
58,14,34,58996.42492998125,0
44,14,21,29883.7497624525,0
30,16,1,21773.145401733447,0
62,16,42,58890.585032490046,0
24,12,0,30734.247892513067,0
50,18,28,58987.30266589168,0
45,18,22,45863.50371517275,0
22,14,0,41562.93687655474,0
59,12,37,45838.55617065946,0
56,14,35,49227.451679302525,0
56,14,38,50009.79791917737,0
53,14,32,46155.54272444269,0
26,12,0,24217.009383930756,0
49,14,27,47028.04672094173,0
55,14,28,48224.50968968107,0
45,14,16,40827.85668508225,0
27,14,5,27019.416819163762,0
42,18,19,32582.7254126242,0
25,14,1,29419.39051535334,0
43,16,25,38907.617524818954,0
42,14,21,36446.449413860595,0
61,16,35,71792.31923190708,0
29,12,8,34975.78470869107,0
35,16,13,45389.65734683222,0
24,12,0,21494.508286761633,0
46,14,20,31334.183492070442,0
47,18,24,39889.56130850054,0
23,14,0,31223.104185147844,0
46,16,19,28593.92699169334,0
46,12,26,40830.1185856493,0
23,16,0,34397.32772481697,0
28,14,4,54121.59385787039,0
34,12,10,25414.769020990694,0
26,18,8,48173.60175862878,0
31,16,3,41908.44192267354,0
30,12,6,39878.1963599334,0
28,12,8,46522.9184286374,0
41,16,12,50519.556313706315,0
43,14,18,35833.532484640906,0
57,14,35,55812.49867038427,0
23,16,0,46251.8999179167,0
25,18,5,31919.972420273378,0
38,14,12,32866.83370517002,0
23,14,4,26978.967035804206,0
45,14,23,57923.26505969972,0
22,12,1,15583.374793241726,0
64,18,46,49029.47176070489,0
28,16,6,42310.30303282257,0
36,14,18,34876.29309034286,0
42,16,17,38595.37041934765,0
48,16,22,44192.2210740905,0
56,14,36,69191.56096954452,0
33,14,9,29381.63670490925,0
64,18,46,66592.36837518973,0
32,16,3,25012.07395843846,0
46,14,26,27844.324577273197,0
34,12,6,24352.149439857374,0
51,16,24,57930.59539223863,0
50,14,28,46974.01049115163,0
33,14,6,43354.65524991003,0
39,14,21,56127.23162335504,0
39,16,15,33174.568903954714,0
39,18,13,42275.57692350223,0
33,14,14,29467.251902694945,0
39,16,12,28708.760234216206,0
45,16,21,49329.80950899638,0
47,16,22,53141.142933516545,0
54,14,31,34170.98180441877,0
45,12,27,46133.68343960269,0
26,14,4,22229.94434445411,0
46,18,27,57235.40050929361,0
45,18,16,49066.102265893554,0
42,14,21,53218.49931650343,0
30,12,11,48561.84520909726,0
60,18,37,53484.28808650228,0
52,12,24,52420.90918190171,0
40,16,19,31769.60781071256,0
38,12,17,34209.464164301215,0
64,16,40,66877.5434483971,0
37,14,10,36646.77734124247,0
29,14,7,34000.2749542837,0
41,18,19,54203.617926436236,0
38,18,15,36808.994920839614,0
40,12,16,49645.75384680182,0
60,12,42,63989.31340200239,0
39,16,10,21272.129286030762,0
32,12,7,17422.663547753844,0
57,14,37,55879.13289020689,0
38,14,17,34923.51386237024,0
40,18,13,58696.850069193,0
43,12,18,18790.373229004843,0
51,12,25,39454.00823297081,0
52,18,31,47840.10592710471,0
29,18,7,20485.8334278733,0
38,16,14,29925.58470582676,0
58,18,40,51922.568340327016,0
22,18,2,32470.304931046816,0
57,16,36,42987.53048814738,0
27,12,6,40301.17882011261,0
25,16,0,33194.02969825557,0
49,16,21,39471.855409338525,0
61,16,34,47357.49129654387,0
42,18,18,59723.4392429056,0
34,16,15,43600.99856941482,0
63,16,41,49980.51268508812,0
28,14,10,35236.8811557914,0
23,16,2,42662.82194080244,0
32,12,13,20571.170186110645,0
52,12,33,30202.65439592513,0
57,12,39,54137.6572115137,0
43,12,22,26930.65992592607,0
52,12,30,53365.397819215184,0
42,18,23,46141.831402275784,0
56,16,37,55973.73165607353,0
35,14,12,38952.78511084804,0
50,12,30,42398.27092401988,0
43,18,25,31710.643951949853,0
49,18,28,49329.84420217811,0
26,16,4,38158.44272731434,0
51,16,26,37812.156532944944,0
22,18,3,24183.826179963307,0
54,14,35,56328.53867091412,0
63,14,37,44585.293270239854,0
22,18,0,35421.61085643585,0
40,16,18,26907.36872286549,0
62,14,40,49614.796333989,0
48,14,24,52821.792268598816,0
29,16,7,26648.64353237433,0
27,16,5,28664.255510815798,0
60,14,34,48624.976608492514,0
30,14,10,26924.93700008298,0
34,16,16,41245.855798655066,0
44,16,17,35061.83652170969,0
43,16,21,41071.85624986324,0
43,16,17,43302.95803000482,0
34,12,5,23049.915106288274,0
44,12,18,45304.78801482589,0
26,18,7,24372.003098390986,0
48,16,30,43992.90947232015,0
64,14,42,71175.2453362142,0
58,12,32,68572.30934234819,0
30,12,2,32455.96259454375,0
41,16,14,50009.63919690739,0
29,16,4,54088.92493148375,0
29,18,3,17067.54639300289,0
47,16,26,48813.14454141479,0
29,16,6,41512.850522693334,0
32,12,3,28579.85947789804,0
57,14,31,62703.73036379328,0
33,16,6,52385.61570655587,0
25,18,0,29407.021053394335,0
32,14,9,24217.30765526012,0
41,14,14,27502.270123374376,0
40,16,11,33115.437153223465,0
29,16,3,42299.17245512674,0
27,16,0,24317.72616917774,0
30,16,5,47226.45634347742,0
37,14,16,55980.20811975303,0
46,14,18,37740.63526801148,0
60,18,38,67504.94003781972,0
27,14,3,29613.561989684506,0
46,14,18,31780.55826212777,0
29,14,6,27376.01491903747,0
42,16,16,43464.38624570801,0
34,14,7,21972.572360056678,0
39,12,14,45308.15041891616,0
55,18,27,61405.40259091878,0
63,16,40,52724.43126515321,0
24,14,0,27519.879059973267,0
52,14,25,43852.18297752476,0
39,12,14,44020.11438299663,0
47,18,21,48832.064442588366,0
26,12,1,33080.10864936409,0
51,18,24,38121.295946224745,0
42,18,22,56157.7194761405,0
57,16,34,63010.9031666013,0
59,12,41,41093.34588081975,0
55,12,27,61512.94950372797,0
23,14,0,29888.300522777085,0
63,14,37,33108.3900037657,0
57,16,38,65786.48286553373,0
49,16,31,52301.07179342261,0
63,16,40,67462.12850436024,0
57,16,35,67012.23935961409,0
54,14,36,51263.323661901835,0
32,12,8,20096.134263923894,0
61,14,35,63194.14218727348,0
38,18,10,34145.45288478035,0
36,16,9,33574.751190232,0
58,16,32,40079.908739006016,0
60,14,33,63014.217064028504,0
32,14,6,29374.808491224383,0
53,16,34,70151.69768583667,0
38,12,11,44458.007004436666,0
25,16,0,45869.58979576361,0
28,16,5,34538.931040296084,0
51,14,26,48969.95404371104,0
30,14,4,46972.35106796829,0
58,12,30,43905.992251200405,0
26,18,0,29979.70435022764,0
35,16,9,32137.476926956035,0
64,18,46,76267.47098545895,0
22,16,0,16128.393673124468,0
50,14,22,51414.42166180031,0
26,12,3,28444.60725157769,0
64,14,46,48593.6950574848,0
58,16,31,44050.95934251884,0
34,16,13,46564.32277815038,0
26,14,0,26253.799425158883,0
44,16,26,47308.01502554549,0
48,12,28,60811.88378524866,0
56,14,35,43663.98026701249,0
29,14,10,32543.684135502783,0
31,16,6,22500.105945021915,0
31,14,13,38078.73638132678,0
56,16,36,66978.84078760225,0
48,16,28,69374.70705563051,0
49,14,31,48975.33321999325,0
24,12,1,28560.661215995486,0
42,16,23,35822.283000725,0
52,18,26,36036.77452229834,0
30,16,5,42368.08777463323,0
25,14,0,38932.35299185816,0
39,14,16,37647.0769050446,0
46,18,26,48439.79151468817,0
55,16,37,65886.9291403214,0
50,16,25,51355.06316178327,0
61,12,32,48456.81333521398,0
39,14,12,39462.03297034603,0
28,14,1,32422.549371643006,0
61,14,36,54311.705136493845,0
32,14,11,32500.875595444242,0
29,14,7,45118.500145163445,0
60,14,41,61016.62280711363,0
28,18,7,40859.300856743976,0
64,18,43,40018.23779400982,0
56,12,29,59273.99951525645,0
60,16,31,53242.55690933321,0
38,16,17,52185.39457959095,0
62,12,40,63590.87377201488,0
51,16,27,53760.82481092712,0
32,12,6,36695.90647675547,0
31,18,6,38936.03382997086,0
30,12,7,45962.27186998885,0
55,12,37,40147.01940615049,0
48,18,30,74910.4772959151,0
47,16,19,47856.303852109886,0
25,14,2,39662.12170154694,0
39,12,16,39283.322023210436,0
22,12,0,21656.459691176096,0
32,16,8,38673.75368363781,0
58,16,37,55910.69188338973,0
26,16,0,33464.50139069745,0
30,14,2,42372.65521610976,0
23,16,0,30622.914119289275,0
37,14,14,33203.33054564925,0
31,16,11,43798.2140836423,0
60,14,39,38340.597014921135,0
28,16,3,31177.36875799213,0
58,18,39,57307.29531859784,0
53,16,34,51556.357421789675,0
56,14,28,45494.138297271944,0
32,16,7,43029.18136352118,0
34,16,12,38007.310773194076,0
35,16,16,49140.81656743668,0
44,12,22,53405.540770837004,0
57,14,39,42509.55827979481,0
28,16,8,25394.928489991253,0
47,14,24,34570.27517528223,0
51,12,24,43960.558308995984,0
26,18,0,19230.887263479308,0
48,14,22,51583.942107903335,0
42,16,18,41816.49883914859,0
39,14,19,30854.86651302236,0
44,18,17,32086.74807553794,0
58,18,32,42293.411665766194,0
29,16,3,42980.907904105516,0
52,16,28,51514.87835881788,0
51,16,29,59379.43862341348,0
60,14,41,69473.60318594998,0
28,16,10,31550.019224090884,0
49,12,23,41892.63427802901,0
50,14,24,56523.90460832663,0
48,16,23,42255.75100442358,0
37,18,16,50396.24453452557,0
31,16,4,31277.532059148667,0
64,12,38,55294.843964516556,0
49,12,28,41377.18517036988,0
37,16,9,29351.43293484117,0
39,16,21,49752.27181432696,0
48,16,25,57714.36409998216,0
24,14,0,24287.68785130873,0
39,12,18,47815.909203730094,0
27,16,0,44149.46833305824,0
25,14,0,44020.09312775991,0
49,16,21,62828.59961682724,0
31,16,6,35124.78662477391,0
33,14,8,44937.11057204584,0
25,16,5,25090.114866577653,0
57,12,33,50172.700476162274,0
52,14,24,47610.193628696725,0
33,12,6,23675.559109858714,0
43,14,25,40560.28636744802,0
34,16,14,44714.48220326779,0
45,12,19,53479.30759034878,0
41,14,14,39362.45691757066,0
59,12,31,43226.51003020733,0
42,14,13,26870.311284176634,0
38,18,19,48268.71551534797,0
52,16,34,34719.572557431195,0
44,16,24,31413.06635360921,0
59,14,31,54261.0291027955,0
28,14,10,26683.809469190805,0
56,16,29,52151.92823927898,0
42,14,14,38247.19728323166,0
27,16,6,31283.723425206288,0
29,16,10,31412.91455478537,0
51,14,33,60286.22732655832,0
37,14,10,35677.08653808059,0
51,18,24,53530.65970456939,0
52,16,34,61612.24621854987,0
59,18,32,67255.78115805941,0
38,16,12,53112.41082930957,0
39,12,10,34650.59828174144,0
63,16,39,58118.13346418788,0
23,18,5,38497.91345443603,0
27,12,7,48432.81210033219,0
37,14,10,52114.89819115794,0
43,14,20,31254.31234566219,0
23,14,1,18489.41282863474,0
36,16,16,36616.41993069431,0
59,16,37,46418.3796499445,0
45,14,26,36079.01537531554,0
56,12,34,22448.316403673893,0
61,16,38,61081.956348763124,0
41,14,20,37028.99423063999,0
64,12,41,33057.27605358882,0
53,14,31,55873.59701592803,0
41,18,19,23593.447515966975,0
64,14,41,48317.090122911526,0
36,18,7,49465.65980815276,0
31,18,4,46682.25817870703,0
23,12,3,26198.854159496805,0
59,16,36,46623.54098990804,0
32,14,14,41461.969972155275,0
35,14,7,42088.760513341134,0
28,14,0,39741.313716187644,0
41,12,18,54995.07562290031,0
31,14,8,33430.31483395651,0
60,16,38,58296.48416331473,0
44,14,18,30240.012903021292,0
38,12,18,48771.10207380903,0
32,14,11,31766.051438023158,0
63,16,37,54972.45019769351,0
40,14,16,44250.899606619896,0
48,14,25,55322.958099932606,0
40,14,14,61494.308444569404,0
23,16,4,28606.230656481493,0
35,16,17,27460.657193119336,0
39,18,12,44808.459996269274,0
32,12,3,27227.712181080195,0
54,16,31,63585.39452314552,0
63,14,36,66496.27155446369,0
36,12,17,30196.110244282045,0
29,14,2,28985.76829877677,0
39,18,19,42087.09944108983,0
25,18,1,8053.841901518419,0
39,16,10,47169.44686688666,0
33,12,5,41025.8760228644,0
46,16,27,70736.3426753644,0
32,18,9,29601.570536042018,0
55,14,33,58379.2880802681,0
33,16,14,42732.91240482616,0
49,16,23,26681.53004317288,0
55,12,29,61490.30544587981,0
57,16,36,67023.62935927649,0
54,16,27,36737.636710208135,0
38,14,20,39857.113908717416,0
60,14,31,44590.7727075212,0
32,12,13,37623.52833648444,0
39,18,10,31628.33993060147,0
64,12,39,23958.00683002219,0
44,16,16,33476.17820235195,0
45,18,27,52666.28244652556,0
22,14,2,23303.446897146005,0
62,16,41,45200.762815002985,0
58,18,39,73435.42522911548,0
52,14,32,38295.07321402061,0
26,16,4,21430.489003589464,0
37,18,15,32081.26403235518,0
55,14,29,68719.2658862418,0
38,16,19,52274.929190307244,0
58,14,35,53936.06929960855,0
26,14,8,28171.12684610494,0
32,16,4,26185.860683392377,0
24,12,3,52255.4863092611,0
51,14,30,64942.46456653836,0
55,14,32,54817.70124906805,0
54,12,27,61127.41298700637,0
61,16,41,53325.43906490639,0
53,12,28,39302.84303039264,0
29,12,0,20717.07109184588,0
61,14,39,56557.90257761118,0
31,14,3,31451.717350693565,0
52,18,33,82766.00975826677,1
30,16,3,36742.38188996696,0
29,16,10,43622.418083398945,0
33,16,11,29895.95681685816,0
33,12,9,45248.73405034956,0
61,14,41,63462.37803046638,0
57,16,32,62134.94524462782,0
46,18,24,41499.52780792855,0
28,12,4,34975.998157582624,0
37,16,12,34362.997258350646,0
31,14,12,35025.68688566634,0
52,12,27,67487.57039101601,0
49,16,24,52035.498484252515,0
33,12,9,33020.104577474995,0
31,12,13,34066.080252796855,0
50,16,27,54308.831314608586,0
26,14,0,40686.03971709397,0
55,14,30,56607.34495125437,0
43,16,25,32174.45972555162,0
54,14,33,37631.71681551153,0
55,12,33,76163.55928955489,0
45,12,17,16288.471135764437,0
56,12,30,67591.81720933178,0
48,18,25,50393.8966898988,0
24,16,0,46757.4611052846,0
27,14,2,27788.301764344782,0
46,14,25,64345.40656223699,0
61,14,34,55789.84854807644,0
56,14,27,50449.252720743,0
60,12,32,28594.09903043726,0
42,16,17,44877.85362152761,0
57,12,36,43632.248800275025,0
64,16,42,56773.49802962416,0
52,12,27,50975.56025652011,0
52,18,24,41856.74442217958,0
64,16,39,54086.8645394223,0
44,18,18,33424.2794444044,0
54,12,26,40306.471397888075,0
29,14,11,35642.46188916078,0
46,12,26,27164.39152645439,0
36,14,11,14351.794930513122,0
46,12,18,33143.624066981036,0
48,16,30,55933.94661268122,0
41,12,16,34240.35273524487,0
34,18,10,36185.54134558963,0
54,16,29,54653.15984891366,0
52,18,32,50773.38059230399,0
64,16,41,44933.9310960855,0
24,18,5,38170.5310354943,0
61,14,37,49648.96749770417,0
33,14,11,43778.276906147854,0
31,14,10,34631.31307491001,0
26,12,8,30577.191738463735,0
30,16,7,36090.1101875625,0
35,16,6,40455.73912799604,0
58,12,38,56397.9432662253,0
46,14,27,53884.262210328,0
61,16,34,55159.51420755257,0
45,14,24,33758.13876555136,0
55,18,31,52716.746085008184,0
33,14,6,41350.84199471705,0
59,12,37,54157.86176935642,0
63,16,34,57427.01710458901,0
37,16,8,20493.551750174945,0
43,12,19,36251.162229485206,0
54,16,31,30548.394554269253,0
42,14,17,65650.25569509703,0
34,12,10,41409.19846841983,0
24,16,6,45345.803085419815,0
29,14,7,40612.207477455304,0
46,14,28,30936.995686384405,0
55,16,36,57378.994086754916,0
48,12,25,42132.77628135233,0
64,12,36,39992.22319702129,0
27,12,6,24193.340834957748,0
47,14,19,60994.71286439458,0
49,18,25,46219.57107041096,0
56,14,33,50851.859476704456,0
23,16,0,42090.3314102561,0
42,18,21,52252.55546071512,0
49,12,21,47840.287796405224,0
40,12,21,41091.08207701224,0
50,14,32,69629.10787180629,0
31,16,4,36419.551642320264,0
31,12,11,28635.344181310393,0
46,14,27,42006.11390816038,0
49,14,21,47753.490416511806,0
56,18,30,58528.63659522877,0
54,12,26,41146.68410180663,0
27,12,9,35507.43652651067,0
40,12,14,35810.196092233105,0
35,18,9,23218.455089549738,0
34,16,7,22570.878509989783,0
43,14,18,64163.42270231769,0
24,16,6,48376.0185793807,0
28,16,10,31695.723099950286,0
29,12,7,28891.53077898889,0
46,18,27,55777.96614743279,0
41,14,22,54279.84651788739,0
43,14,21,46504.49160891496,0
34,18,7,38268.01851584901,0
24,14,4,13161.41273646933,0
52,12,27,43645.5082731789,0
44,14,21,59099.91056249764,0
44,16,23,48164.563552416446,0
22,18,0,34189.30084087543,0
62,16,33,71234.3176353759,0
42,12,23,55582.57079420616,0
30,16,7,19032.836055479336,0
50,14,25,46762.93876202322,0
30,14,6,31335.91026762278,0
45,16,23,56269.937130602186,0
42,16,16,27496.560306177547,0
28,18,7,41597.919518012044,0
41,16,22,29061.404138522747,0
38,16,11,39683.96729417029,0
64,16,42,62135.73177875794,0
37,14,14,35925.61803399393,0
59,18,35,56334.65178253685,0
26,12,6,42739.3721625252,0
32,18,13,42719.897555346884,0
29,12,9,22168.865807639108,0
32,12,8,21466.314576265555,0
59,14,39,49440.71993156519,0
54,14,26,55188.11298366444,0
64,14,35,50646.956663611716,0
24,18,0,27170.2680853845,0
44,14,26,44548.461847518694,0
32,18,12,45119.665098191566,0
22,16,0,26749.65332147617,0
30,14,12,39952.78465910828,0
30,14,6,45793.19245186602,0
33,14,6,47363.697674816765,0
40,16,19,47508.95643097722,0
60,16,32,57695.014706783,0
24,16,0,19381.57910574987,0
39,18,13,47479.596122749965,0
40,12,21,50532.33796476893,0
52,16,32,46530.33420290426,0
22,12,0,36981.71734583024,0
45,14,23,56742.18561566719,0
61,16,35,34525.55803013566,0
46,16,22,59443.976126151814,0
48,12,23,46959.66335736417,0
58,14,31,54177.01454602949,0
46,12,22,39922.440342796384,0
31,18,11,48537.935940128664,0
30,18,5,36521.314238013554,0
48,16,28,45648.92641428485,0
47,18,19,52026.67770157269,0
49,16,28,29325.153389322913,0
29,16,5,34338.38218908138,0
42,16,16,26966.258999385638,0
58,12,30,29295.73916654276,0
42,16,20,55408.00122846194,0
63,14,42,44416.8754308704,0
26,16,6,45828.531528445405,0
37,14,13,41692.74835594907,0
36,12,11,23735.908061564107,0
60,14,42,41067.87195951346,0
46,14,28,58547.87439978559,0
60,14,40,61822.39332322279,0
35,18,6,44217.21128905225,0
47,12,27,52081.69813571719,0
60,16,33,61255.871169237114,0
51,14,26,55285.02674949172,0
23,12,0,31835.509663977602,0
35,16,7,29812.17065182434,0
24,18,3,25259.69724783583,0
49,14,24,59161.65683834089,0
57,14,31,53945.853446672576,0
37,12,19,45514.56281637173,0
25,16,5,36364.59322358157,0
52,16,30,53410.6844641878,0
56,16,29,56506.52347285808,0
58,14,34,46068.12311863393,0
38,16,17,47354.3668969834,0
42,12,19,29233.388734606793,0
24,16,0,15249.170986172081,0
33,16,10,25649.314652575107,0
23,12,0,37043.6555144501,0
55,18,26,52862.30464353806,0
49,12,29,42599.399247315465,0
27,16,9,26757.08858427762,0
29,12,9,44232.48580737793,0
35,16,7,15295.884107491358,0
60,16,37,55482.53104621391,0
47,12,21,51138.23313310289,0
25,16,0,44815.85277708534,0
45,12,24,41399.34266179832,0
23,16,0,34675.0114255947,0
38,12,20,36319.747123507615,0
55,16,27,48033.93676485183,0
25,18,0,32663.010541747804,0
29,12,11,31256.435669352515,0
64,12,44,43501.694807201726,0
60,16,35,42896.92785590801,0
35,16,14,31182.836426862974,0
43,18,19,34235.41577813326,0
39,14,15,52059.39703677027,0
48,18,21,58321.816660729586,0
25,14,4,17826.77496765621,0
63,14,41,39061.589357589895,0
54,14,36,60458.02994010961,0
41,16,19,44625.72949181583,0
63,12,34,63367.93398660776,0
55,12,32,47295.5124238917,0
32,18,10,30828.613233286844,0
40,12,11,35696.15401833293,0
35,16,8,53378.462004472734,0
26,16,3,29431.717299792475,0
22,18,0,62926.442081323985,0
45,16,27,47008.95181899819,0
35,12,6,17488.62022403368,0
24,14,0,33346.480937868386,0
25,16,5,40077.02524701644,0
37,16,12,27733.59380633434,0
63,12,37,41396.37921654433,0
62,14,35,48595.694403820504,0
60,16,37,50070.68737544422,0
40,12,12,38577.58194830381,0
22,14,1,25568.248665913045,0
64,16,42,51988.400426672706,0
44,16,26,42239.14968282963,0
28,18,0,33707.2241737623,0
24,12,2,15095.908353240608,0
30,16,9,34169.21066683312,0
32,18,5,35561.74716397437,0
61,14,35,57374.82436193708,0
50,12,21,42589.71894353399,0
35,12,15,21387.63174173202,0
25,14,0,30566.446452833898,0
45,18,24,46069.63590534096,0
29,14,2,30910.509759148536,0
42,12,23,47093.76232798861,0
30,12,9,29224.09706999059,0
41,16,21,29751.026350302163,0
52,14,24,43223.35585542458,0
62,14,42,46500.42728971658,0
44,12,22,38012.220155388415,0
49,14,27,34833.75279352182,0
25,14,4,30386.885544752357,0
60,14,32,62163.977795400155,0
22,14,1,29842.41428740983,0
32,18,3,28023.77238526795,0
51,12,29,48821.18633918646,0
46,12,18,29056.42290559308,0
41,18,14,42595.907669774846,0
54,16,28,67117.96206581035,0
32,18,11,34124.74234801799,0
23,16,2,22830.7117283537,0
36,14,8,34987.67436327592,0
39,12,14,25683.441504777642,0
36,16,13,38578.42427530975,0
54,14,33,52425.678599473315,0
55,12,30,42290.34811663694,0
51,14,26,68050.50786609351,0
31,16,6,46924.8650709605,0
41,14,15,39583.01066972727,0
38,16,11,27760.418109476683,0
59,16,31,44946.882019831435,0
37,14,14,11396.647442934613,0
48,12,25,40364.49952865239,0
24,12,0,39749.47399166292,0
28,16,8,37123.44234091138,0
41,18,12,63564.42897034509,0
36,12,18,45829.54981493254,0
44,18,21,49885.51169396881,0
22,12,0,37933.54010634699,0
25,16,2,26365.304435649385,0
36,12,18,36429.132742266636,0
30,12,12,46978.86521107395,0
62,14,34,55588.26954604306,0
55,16,35,37642.09456859359,0
36,12,8,30698.166946097983,0
54,16,28,39732.981084838604,0
49,12,28,40325.08933727127,0
53,16,28,61390.27783594472,0
41,16,18,35304.85740974215,0
46,16,22,53753.78978590147,0
50,16,28,56417.009132286614,0
44,18,18,39843.481754782544,0
60,16,36,33593.81030443295,0
51,18,33,50018.038475002526,0
38,14,16,29273.068721908217,0
43,12,20,45138.337896363926,0
53,14,25,34488.78263011658,0
26,12,2,37419.08265638273,0
44,14,25,51643.93216180035,0
55,18,32,52476.847073357116,0
55,16,26,73324.64175511732,0
64,14,39,63297.64710758189,0
50,18,31,46738.66763656609,0
61,18,40,65499.138879798025,0
24,14,3,28454.713090177378,0
42,14,24,52734.710764265845,0
62,16,41,53820.32589636785,0
45,14,20,55735.70244766929,0
39,18,14,31582.971336521754,0
51,12,29,30115.310186259485,0
43,16,15,14069.840693316877,0
31,12,13,26876.050751339746,0
44,16,16,29779.582665257753,0
33,12,14,25912.93419308876,0
26,14,1,27278.258653885554,0
31,16,8,42758.467361344505,0
42,14,20,41973.346367059974,0
29,14,8,31080.100859305952,0
28,18,7,35722.287217316596,0
46,14,19,39873.920574103984,0
35,16,13,45434.00886048576,0
40,14,21,50809.358967325345,0
27,12,0,53404.033335891676,0
39,18,13,46205.67083201034,0
45,14,25,66171.25845932853,0
34,18,12,34825.04095852037,0
39,14,19,39556.23627045697,0
23,12,5,35339.444021250936,0
50,12,24,46384.342450775206,0
22,16,0,15251.995719362774,0
62,14,40,63211.73530243784,0
49,14,28,36686.266765431355,0
31,12,13,25434.8689414436,0
50,12,29,65397.65812082846,0
31,18,13,15530.048114362944,0
49,12,24,24640.392608621733,0
32,14,4,34073.34378345293,0
24,16,0,9284.858313667923,0
26,14,7,40714.34002086464,0
35,14,13,46469.28385588175,0
60,16,42,82446.50723992147,1
44,14,18,37113.37347234952,0
35,16,13,40969.71540867909,0
39,18,12,38639.994175228654,0
30,12,3,39173.149954589746,0
36,14,12,36390.23183124474,0
62,18,40,70098.92495703835,0
63,14,43,74014.18620625013,0
35,16,13,24903.350650936005,0
38,16,18,46900.28599785073,0
31,12,10,42482.89686899052,0
56,18,32,46174.03246533922,0
37,12,14,44474.39925680464,0
42,14,17,57418.38347625908,0
55,16,37,66470.34678342324,0
57,12,29,53218.3526250409,0
28,16,9,45722.15886175807,0
31,14,5,28426.88099473413,0
58,12,32,43535.22536170446,0
24,16,6,45239.66914072005,0
38,14,12,43037.06191974892,0
38,14,17,51529.032441998614,0
37,16,10,36052.76223088587,0
56,18,34,70582.65882769495,0
33,14,10,33086.45111580787,0
45,16,22,40923.64147282488,0
31,12,4,58670.53638731124,0
42,14,20,33213.53975694868,0
38,12,11,26859.64629643305,0
61,16,43,42324.168356475915,0
34,12,8,28259.38931828112,0
42,16,16,48469.86528103851,0
39,18,18,44677.378740724685,0
57,18,34,56403.96327398337,0
24,14,0,21123.199580986216,0
26,14,0,35357.0204736532,0
31,18,4,31822.238782961012,0
54,12,33,38811.292171386245,0
38,16,17,40503.51578314433,0
29,12,10,28126.795341921064,0
33,18,13,58111.1852900293,0
38,16,16,41348.5407030507,0
34,16,12,27593.957039961657,0
57,16,29,62797.81537714309,0
56,16,36,56655.03138070269,0
37,12,14,38258.94579080845,0
51,18,31,41095.85117697774,0
24,16,0,40957.86291837097,0
32,16,13,21846.148941038275,0
33,18,7,25981.3621422753,0
38,12,19,49625.2876686523,0
52,14,30,50701.58690652594,0
61,14,35,64045.743524905076,0
43,14,19,39669.56405736242,0
39,12,14,41736.292212137356,0
39,12,13,52453.756912448276,0
57,18,35,57548.84473969066,0
62,12,42,41016.963194457654,0
54,18,28,62625.63201139548,0
50,12,27,62755.26977216272,0
33,16,15,41664.065005719865,0
35,12,9,36454.20588353305,0
50,18,25,35711.516252133435,0
56,16,33,62265.07055817176,0
34,18,11,28312.39002778101,0
56,12,30,30096.35564556139,0
50,16,26,51383.937983294105,0
34,14,16,45613.524601026606,0
22,16,0,21752.713856606424,0
48,14,21,44904.74826952829,0
27,14,7,21005.552196071745,0
57,18,28,62957.61671931876,0
39,16,13,31989.247859920986,0
45,12,22,57588.153982792435,0
37,16,8,21669.34508209954,0
44,12,19,38620.02587925415,0
35,14,13,38120.48866751668,0
58,14,33,48255.35479905006,0
31,12,12,44162.668308328124,0
47,16,21,33302.68062563617,0
24,14,6,34782.70484442911,0
59,12,31,49999.40090034265,0
44,14,25,45866.77467584011,0
56,18,35,54055.71913647734,0
25,16,2,29004.577552418228,0
52,18,26,52031.48088969736,0
24,16,0,36582.8418577131,0
52,14,30,44782.52937663754,0
34,16,5,41835.89166151039,0
36,14,10,17642.32042085077,0
55,14,28,74050.91757449706,0
54,14,29,49887.10222238562,0
24,14,0,23934.48259018137,0
39,14,17,49328.29008245969,0
30,14,11,28395.23750022202,0
46,14,19,49943.4026522731,0
45,14,25,56671.674634683244,0
31,16,2,43195.83767559261,0
25,12,0,22826.467339544022,0
37,16,8,48686.36399558761,0
40,12,22,55423.859419233944,0
53,14,31,52973.31312502658,0
44,14,16,28869.65084535798,0
56,14,36,52425.689039363555,0
53,16,25,38251.79956405855,0
50,14,27,43988.55740693478,0
39,14,11,26178.117602674774,0
61,18,33,50166.45561209008,0
41,16,19,27842.722787701132,0
45,18,24,27959.415808978545,0
32,14,13,47155.852388262065,0
26,12,8,17807.947325474262,0
58,14,32,57897.54952608512,0
62,14,40,58065.908921252405,0
63,16,39,67830.15287460542,0
39,14,15,38945.76007587102,0
37,18,16,58172.55834278277,0
52,18,33,62901.059796143585,0
57,12,37,53035.958965510494,0
27,18,9,37673.07075759679,0
28,14,6,43030.84397395718,0
49,14,27,53894.090103188704,0
56,14,36,34686.50497239868,0
41,12,21,44771.666072377026,0
51,14,23,48730.942246953804,0
25,18,1,25373.67335358851,0
26,16,1,42142.44889702025,0
34,16,9,42887.09754524874,0
43,14,21,64025.14143287462,0
43,16,14,31634.26680375526,0
42,16,17,42025.453449336244,0
47,18,22,43377.19406993148,0
57,12,31,53361.29999922412,0
37,18,14,54707.285992261925,0
22,12,0,18890.151693606713,0
23,16,0,22398.794132884883,0
42,16,15,42228.35884782284,0
49,18,27,54508.58359158763,0
33,14,7,36216.63034221855,0
54,16,32,57429.7591904748,0
47,12,27,38927.165349161725,0
26,16,0,16871.743470986694,0
34,14,13,28133.013519688448,0
29,14,1,36373.317301941985,0
57,16,35,46612.25007301486,0
43,14,21,37390.894462980395,0
22,14,0,32776.11916063683,0
39,14,12,42875.446321983414,0
57,14,39,70369.16688671072,0
61,16,36,62677.307604274756,0
27,18,0,30969.655515153197,0
44,16,21,51911.09839735046,0
29,14,10,15304.197623218519,0
50,14,24,66165.85660893995,0
46,16,21,46613.88489993479,0
31,16,2,32803.20584417167,0
46,12,21,32829.32871610606,0
22,12,0,33629.12548929488,0
25,18,4,40876.354499560446,0
49,16,26,50963.47393398851,0
28,18,0,33001.21698790712,0
36,16,16,57773.56067280816,0
49,12,21,32198.614912688507,0
35,16,16,50802.408757784935,0
55,14,30,55184.26521619365,0
44,16,22,38453.1372636216,0
37,18,9,35720.92352667008,0
44,18,20,45235.77983640002,0
49,16,30,55033.0569265074,0
55,16,36,62802.73848408928,0
60,18,32,62787.1684696352,0
40,12,21,38807.65881225715,0
64,18,46,78563.95453161828,0
36,18,12,52049.08325633238,0
27,12,2,30233.12966716485,0
52,14,33,48155.286189839615,0
23,18,0,46856.61204586853,0
44,16,26,45960.19498205626,0
62,14,41,50315.28507137312,0
35,16,11,46673.92098312223,0
51,16,27,62081.435781684166,0
42,16,14,53210.581872942705,0
51,14,30,47147.851889624806,0
57,14,39,56036.19645300525,0
58,12,33,58789.77077654342,0
27,12,0,30563.99119733138,0
39,12,21,50499.97449165621,0
23,16,5,27897.27870552711,0
55,12,36,51751.131235314795,0
46,18,22,43007.55349791687,0
31,14,3,43949.13590182975,0
57,16,38,68666.66648572194,0
50,16,30,54902.17102910434,0
40,14,11,61159.14960265774,0
61,12,33,57252.75911187881,0
22,14,1,47808.876292000474,0
59,14,39,47928.093471489534,0
46,16,24,46523.85898546774,0
53,12,30,40494.84733292919,0
24,14,0,29293.17310121539,0
54,12,25,49192.12955952518,0
26,16,0,38760.733136082636,0
34,12,12,42158.93767456566,0
26,12,0,28614.320428763418,0
55,14,28,41384.96189012866,0
24,16,4,19508.235699532466,0
53,14,34,56819.92673218725,0
22,12,2,24522.109027240305,0
60,12,41,59175.1162606692,0
52,16,25,61249.542065519185,0
49,14,20,34660.01712903779,0
29,16,5,34299.45944423139,0
29,12,7,51258.317736314195,0
53,16,30,69395.57253615565,0
26,12,8,25607.46534488465,0
30,18,12,49053.188626095805,0
37,14,12,27459.023740968594,0
40,16,20,56810.28699698628,0
62,16,35,49724.75624207879,0
46,16,26,54185.836174166725,0
24,12,1,33700.81295062022,0
27,16,6,37155.19906904794,0
46,16,18,52206.23338524734,0
45,16,27,52998.86872732299,0
24,14,0,27289.139322286344,0
60,14,42,53399.12709980907,0
48,16,23,59626.36139866398,0
63,14,35,26459.866798566174,0
53,12,26,47136.96688700113,0
61,16,37,59189.29001538969,0
41,16,13,43337.37873656788,0
30,14,3,26840.08345062947,0
33,12,6,52108.34835417887,0
31,18,5,34758.918716562584,0
48,14,27,56974.14373301415,0
58,14,38,54979.30366647453,0
45,12,25,50773.00218476426,0
30,16,8,35023.48408406676,0
30,12,8,45466.42780091705,0
49,16,24,40388.82000284725,0
40,12,15,47384.299637671276,0
57,16,30,57745.22872459719,0
27,14,5,37193.51181082321,0
31,12,12,30983.908012236705,0
47,14,19,39119.679555927636,0
30,14,4,7956.531806095885,0
36,12,11,39855.349963244116,0
44,12,24,51991.43875896165,0
36,14,18,38849.37459273514,0
61,16,39,62040.44818930712,0
41,18,15,30342.543956827787,0
62,14,42,52602.724086195376,0
25,16,0,28119.888494775714,0
23,18,0,15916.40601664166,0
57,12,31,48079.04887791055,0
29,14,8,25919.284738118105,0
26,18,1,22035.263043061248,0
26,16,8,50099.919550628074,0
45,14,24,18870.780378540523,0
61,12,43,49798.38772946986,0
61,16,36,53239.64143231801,0
50,12,27,57283.54749358207,0
49,14,22,46398.11104011892,0
28,12,4,33282.690424263914,0
47,14,20,49206.520992655045,0
63,14,45,50688.82218576373,0
59,16,32,44874.1302241765,0
62,14,44,59656.96141133239,0
51,16,31,43669.737590314544,0
57,14,36,53168.12473837043,0
38,12,11,32047.569612142826,0
57,18,36,43013.151466778916,0
49,16,21,52143.22008267393,0
22,12,0,57241.04342990028,0
36,14,18,31287.95588829231,0
36,16,15,51241.24199935461,0
39,18,18,45037.745950772915,0
53,14,30,45265.111531316485,0
45,14,18,41289.95821321185,0
63,16,34,69981.89173193491,0
60,14,33,65282.005500669125,0
49,18,24,49962.17848539343,0
34,16,10,34511.407747815516,0
50,16,21,36126.55057956753,0
51,16,22,33840.314481437796,0
48,14,24,41130.09167385042,0
30,12,10,40146.79479157434,0
63,16,38,53608.45008514352,0
50,16,32,56700.209849956846,0
64,16,42,69989.52550750811,0
50,14,31,27118.865901996833,0
41,14,21,45540.334056769374,0
51,16,33,49941.00532347448,0
39,14,14,44491.00649203616,0
61,12,39,44466.77060650539,0
47,14,28,43545.788214278764,0
43,14,20,38589.98465862179,0
36,16,13,33547.76904366279,0
23,18,0,18462.433635153844,0
41,14,15,46773.80687229958,0
58,18,31,58488.52426797945,0
27,14,8,21495.964290026874,0
30,14,8,38721.4242773478,0
61,12,39,76341.62216770726,0
63,14,36,68149.7542422009,0
63,16,39,60099.50869943261,0
44,16,15,38335.42945379586,0
57,18,33,63516.52602952789,0
32,18,5,29077.256790523894,0
63,12,41,57583.80544672924,0
61,16,38,51919.90781804161,0
57,16,35,50782.390431355765,0
64,16,39,64841.70564566586,0
43,14,22,41752.64928575194,0
35,16,17,32329.542425560117,0
37,14,19,40858.99302271906,0
26,18,0,30610.916681896848,0
40,14,21,45367.68114392127,0
46,18,22,44275.99439775701,0
34,16,8,46694.59011704299,0
47,16,18,28015.126797803154,0
23,14,3,53926.95593974627,0
39,18,12,37757.39428154277,0
37,16,12,19587.674549999618,0
24,16,0,30317.012351494664,0
48,16,25,52870.79551986297,0
31,14,13,37565.343629741124,0
34,12,15,56163.020813247196,0
53,12,26,46576.00181436971,0
22,16,0,49086.01974299393,0
47,12,22,29419.44053929154,0
56,14,37,45565.23406864505,0
58,16,31,27861.472148227753,0
49,12,28,56479.466870199336,0
51,12,24,41563.57441565265,0
29,16,7,39745.82530334093,0
50,16,30,67620.20474020818,0
60,16,37,58985.93204550873,0
64,16,45,60600.81626816283,0
56,12,34,58734.69303617466,0
46,12,23,46791.963271228764,0
29,16,6,32660.682729879343,0
37,16,13,34004.03012495796,0
22,12,0,36047.84909867045,0
43,14,22,28015.924755292064,0
29,12,4,38329.35901453909,0
47,12,22,48446.33758072119,0
56,14,31,60377.31963272841,0
39,14,16,34830.56282247192,0
22,14,1,36818.087775187174,0
63,14,39,45164.41083607849,0
41,14,13,40851.50974739215,0
23,16,1,30691.284823920403,0
30,18,5,41074.60383124344,0
48,18,24,64425.56418519856,0
25,18,0,21829.547223602807,0
30,18,6,34984.833641148325,0
33,14,15,39550.418627838524,0
32,16,11,54889.008775857765,0
27,16,2,19330.703401456245,0
37,16,15,42660.80060400521,0
44,12,23,31924.49679331902,0
23,14,5,47617.593032826335,0
39,12,15,41304.308403897914,0
52,12,26,43230.62969642747,0
31,14,4,52611.97609785077,0
38,16,10,44203.2756089009,0
43,14,18,50567.25074586197,0
24,16,2,60771.71345681151,0
28,16,1,46621.911489810045,0
24,16,3,29069.46568779283,0
42,16,22,50918.19375281991,0
61,16,40,48620.43773995771,0
47,16,26,60381.58681438873,0
62,12,43,64258.470099703285,0
58,16,33,33127.109893660694,0
54,16,33,32627.50391597453,0
25,14,1,33668.15150061727,0
39,14,19,40625.59052111141,0
47,16,21,41847.54879295715,0
60,12,39,67148.22374625146,0
59,14,31,55717.42954375624,0
61,12,34,41148.364383259905,0
45,14,17,29645.684300665114,0
27,14,8,47732.090672922335,0
41,16,17,51268.61547776209,0
36,12,15,64530.11108639612,0
30,14,1,27961.27330344158,0
45,16,21,50239.243779430464,0
54,12,35,56649.674646186315,0
40,18,22,40682.90509753142,0
53,18,34,64276.10104979771,0
43,12,21,43393.138716245805,0
27,18,8,35936.01968535349,0
64,18,36,52535.95389258881,0
57,16,30,54521.31518486516,0
38,12,12,42819.95797979631,0
44,16,17,41455.715633653606,0
43,14,15,48829.850287524154,0
63,16,36,50058.24959387143,0
62,16,38,62385.28748187702,0
62,12,37,52488.66748664231,0
48,14,22,51860.8579359603,0
47,12,25,33316.7107461432,0
60,14,40,51513.393457492624,0
27,14,0,31624.31219656609,0
41,12,15,35066.041398127214,0
62,18,34,53224.53723857772,0
61,14,42,63641.24935776102,0
54,16,36,53373.03389907083,0
23,18,2,33667.22883036613,0
60,18,38,61207.79737432143,0
53,16,26,54874.52289332521,0
24,14,2,28099.605864943598,0
57,16,36,56082.07822204322,0
55,14,31,57941.649713650855,0
59,12,38,59461.12710244683,0
58,12,30,34725.56414113892,0
23,12,0,14171.738586965275,0
50,12,26,34621.2397084397,0
60,16,41,73655.31189396273,0
47,18,29,47971.840412836405,0
60,16,32,49805.21040604314,0
59,18,34,47108.28126286352,0
35,16,13,41436.41834731174,0
43,16,17,63243.0094237863,0
44,14,25,32220.625118661417,0
41,18,20,52126.58829219228,0
22,18,0,45486.96381766138,0
47,16,27,55361.46429477613,0
32,16,7,37603.3629164528,0
26,12,0,36554.40946959802,0
37,14,15,45321.44902244933,0
28,12,8,34592.00316673501,0
22,16,0,26411.157683976307,0
33,14,10,36033.05913568487,0
48,18,27,48984.45392395979,0
61,16,38,50768.698280092416,0
51,12,28,48368.05867402186,0
30,14,3,34839.21557822977,0
50,14,29,21567.61011366581,0
51,14,24,54974.915684654465,0
29,14,7,43294.364099568396,0
63,14,41,45762.18037697901,0
27,16,6,32230.031823591533,0
41,12,21,25786.93098135285,0
38,14,11,45185.954785159694,0
50,16,25,26496.35152404698,0
46,14,27,40864.78926305655,0
36,16,8,46969.60808359794,0
38,14,11,41550.78592759763,0
41,14,12,42740.99847455299,0
26,16,0,32695.624217090502,0
22,14,2,38061.32332875389,0
32,16,6,31012.722592296795,0
44,16,17,48086.36829106065,0
35,12,15,35616.86135747999,0
24,12,0,41407.07573839539,0
26,16,1,34868.98535312229,0
30,16,2,41327.82185133705,0
30,12,3,41359.59307338257,0
30,14,10,46627.95514620398,0
26,16,0,24516.40494948554,0
49,16,24,38332.81569249843,0
26,12,7,52596.30445250253,0
57,12,34,32786.928984413535,0
59,12,37,49585.80702475354,0
31,16,2,32008.76668634855,0
61,18,42,66402.75964602306,0
30,16,2,21696.082540336167,0
34,16,10,37009.49710030677,0
50,14,28,61688.04295102238,0
39,14,15,47815.06028992825,0
41,16,18,46644.026338682525,0
31,12,6,25582.42603053359,0
29,14,2,15043.204739527737,0
51,12,26,49965.52167386628,0
50,14,30,29365.283008175644,0
60,12,39,60489.6056860549,0
28,16,0,55871.32295834417,0
52,16,25,37947.42213958528,0
34,18,7,43369.99350254252,0
37,16,9,25707.35112871694,0
39,14,12,23262.00097000753,0
34,16,14,37619.9236021069,0
59,16,37,55094.1835676973,0
46,16,20,44340.916183074005,0
38,18,15,69789.76187600245,0
64,12,42,65683.37163339871,0
30,12,4,20889.312819657724,0
30,16,10,40943.70350263048,0
41,12,16,41244.16655044176,0
41,18,15,39621.87868374643,0
42,16,14,37051.4209521015,0
49,14,26,60977.12576361137,0
44,14,23,37432.62792272158,0
61,16,33,72926.61278118394,0
49,14,21,44695.076330218784,0
22,18,0,22066.05493077646,0
25,14,1,34792.45296330499,0
64,14,42,44377.75184234258,0
51,16,24,64718.067277741604,0
51,14,29,63169.8848349207,0
46,12,26,54146.40574365544,0
63,12,40,39782.254766508224,0
31,16,6,54323.16306286123,0
52,16,34,52216.823880180134,0
37,14,11,40929.473755887426,0
46,16,17,26142.684372366122,0
55,14,31,47804.848717663976,0
54,16,32,53887.59640917826,0
52,12,34,62468.11621821943,0
32,14,3,30396.347842999356,0
22,18,4,7172.400302099872,0
58,18,31,52560.925385612776,0
32,12,7,32343.875974142273,0
62,16,41,42138.23014578596,0
31,14,2,34178.675018905036,0
41,16,18,25591.096786744543,0
35,18,12,58163.08027976511,0
44,14,20,49231.08388314834,0
64,18,37,76450.45172713554,0
57,12,35,62215.03471452831,0
38,12,13,30848.3282556857,0
23,12,0,29100.220173754846,0
57,16,31,46090.23780700143,0
57,16,39,49856.459375262995,0
58,18,39,59874.535623238764,0
30,14,3,35768.968043009976,0
29,12,5,19751.98435882919,0
35,16,17,46797.67931226044,0
46,12,19,45398.477837728395,0
28,16,7,34870.96246422764,0
25,14,2,54015.08365706263,0
51,14,22,25044.89565403636,0
51,12,24,38987.113447293385,0
38,14,10,29076.685543115665,0
40,14,12,51934.440227035295,0
28,12,0,53356.431119912,0
26,12,0,9288.109416062747,0
44,16,20,40191.07086208143,0
25,14,1,55486.85653085716,0
47,16,23,49704.340309860956,0
44,18,17,51718.89422222481,0
54,18,29,31786.05714636562,0
62,16,42,60564.81513690993,0
41,16,16,38691.01032182678,0
32,14,6,33987.976445018794,0
48,16,26,56158.79914210053,0
36,12,8,23867.332610882942,0
26,14,0,50212.14031513201,0
61,16,39,62103.11567851773,0
49,18,29,33790.523329607204,0
43,16,22,41394.623201755385,0
23,18,5,40514.03610998986,0
63,12,37,63863.46236015788,0
22,12,2,27691.765360630106,0
56,16,31,40739.85100642312,0
40,16,15,43434.46230305115,0
22,12,0,31593.184820074708,0
44,16,26,37366.10786237565,0
32,16,6,33010.02953328715,0
55,16,31,45835.330965958805,0
40,12,17,47269.52221242864,0
25,16,5,17650.797032409566,0
53,18,30,38824.603370001074,0
51,16,22,58604.81300467636,0
61,16,43,47287.05567019142,0
43,12,17,58480.761732639694,0
59,14,41,59873.80005606924,0
45,14,24,34673.115513169934,0
36,14,11,36732.43799544018,0
49,16,24,46880.814730749735,0
28,18,2,60630.827426899385,0
63,16,40,54799.94411629562,0
57,16,39,53581.19333096848,0
31,16,4,50802.52860245254,0
58,12,37,44106.107835096765,0
30,12,2,31679.03599739467,0
52,12,25,47434.98728915835,0
35,14,9,47423.80661006908,0
54,18,33,53110.05706988459,0
55,14,26,43068.84884965894,0
27,16,8,41648.595263969364,0
30,12,1,34281.95710314401,0
40,12,16,26220.741454720956,0
64,14,43,51980.80394597505,0
51,12,28,53264.173101487715,0
32,14,14,40566.08937364534,0
39,14,18,51604.9685291428,0
48,12,24,61783.7921996992,0
55,12,31,48606.74732522284,0
30,18,12,36822.94773118948,0
51,12,24,28210.869317098342,0
39,16,18,53427.96457435631,0
36,12,12,24867.06959041657,0
62,16,43,53566.12466831166,0
30,16,2,38927.86994117334,0
34,14,13,32054.446428144132,0
31,16,9,53652.53441990835,0
64,18,40,65333.383220015196,0
28,18,3,20362.04350985832,0
59,14,40,60293.64050574041,0
44,12,21,25034.984060619103,0
22,12,2,9415.550622389754,0
47,14,25,31657.134809741878,0
59,12,30,52590.12276104699,0
40,18,21,50755.98212646059,0
57,18,32,49283.284321114894,0
42,14,16,29388.179236967408,0
25,18,0,39978.88337045425,0
63,12,44,46554.30832604696,0
34,12,10,47209.49059082308,0
40,14,13,30044.843967681863,0
63,14,40,59211.12707959436,0
36,18,17,58579.17034428512,0
37,14,13,43055.155929947,0
27,14,3,9749.116987965219,0
57,12,34,27492.52958829756,0
51,16,29,48012.3950066766,0
23,14,2,31126.79596338113,0
53,16,24,40849.500794541564,0
25,16,7,30548.02349496179,0
56,14,37,41777.087823050104,0
37,18,12,46335.0962090307,0
29,12,11,41658.44706813654,0
45,18,20,48211.99319316063,0
55,16,35,49720.84209734003,0
35,14,16,47531.410595174246,0
42,16,18,47996.77069034333,0
54,16,32,62423.935220719126,0
24,16,0,32720.469136718424,0
26,12,4,46889.96153669011,0
56,16,34,39373.84428337425,0
44,14,21,51566.16834151901,0
49,14,25,45130.33494569508,0
62,14,38,74393.17735824769,0
31,12,13,30348.080514256853,0
41,16,22,30449.354239040615,0
31,18,4,44564.24146396696,0
50,16,28,38368.03363484381,0
42,16,20,42050.19790425385,0
34,14,6,45094.554301693664,0
42,14,15,23804.94637488172,0
61,16,39,41515.89249277128,0
60,14,38,72750.91723221715,0
48,12,28,51842.707243798395,0
49,14,26,59594.87918177215,0
57,18,28,76799.69087217988,0
56,16,30,60054.4133678653,0
30,14,7,28670.852819884713,0
40,12,14,38663.29821328382,0
56,12,33,34086.67783519743,0
54,12,32,51182.66988262061,0
39,14,18,44285.233638256905,0
51,16,30,49584.713358261695,0
54,16,35,62045.55137053298,0
48,12,20,38324.9734871399,0
49,16,30,67186.55825666605,0
25,12,6,41929.71530448673,0
33,14,13,35486.4874912921,0
63,18,42,46768.94596350167,0
63,14,41,57515.21895330805,0
52,18,31,48278.50432597844,0
41,16,21,33344.31659445776,0
27,14,0,27091.50960036235,0
34,14,5,16124.982457390292,0
47,14,19,37975.020420778674,0
59,14,34,38741.112247813995,0
38,14,9,35715.37148665004,0
54,12,36,64389.58699880193,0
50,18,22,41988.207170477304,0
27,12,0,26460.341912038613,0
56,14,37,52273.562243784196,0
64,12,41,46482.42657648405,0
31,14,5,40147.052987674404,0
33,18,14,43953.014512433954,0
36,12,11,28080.160351822924,0
23,14,0,16734.529727726993,0
48,16,30,65203.17745423745,0
47,16,20,47487.8803404852,0
37,16,17,51732.65736087764,0
55,12,35,56158.69433621829,0
38,14,16,33242.72416128128,0
40,16,18,45865.13569853596,0
64,16,43,67060.0056264533,0
55,16,30,44855.02892983795,0
63,16,43,36358.49353471183,0
24,12,1,47359.45047153374,0
46,16,18,30465.057972984476,0
39,16,17,35562.18849773142,0
64,18,45,58573.98443950017,0
56,12,28,58352.636310571834,0
50,16,26,47385.780115070265,0
32,18,5,42205.963548249936,0
46,16,20,41004.05700732289,0
37,12,13,38458.07658561365,0
36,16,15,38453.844594647904,0
27,14,2,35221.92633864029,0
33,16,13,53507.52510399593,0
47,14,20,41832.43755529833,0
48,14,19,16845.6547900524,0
25,18,4,47339.864955287114,0
35,14,6,44661.98801371336,0
48,16,27,72397.90494886947,0
46,18,25,42215.621132513945,0
33,18,4,35939.323209662296,0
57,14,37,53180.104838255684,0
64,14,45,54279.900769850334,0
64,16,42,54077.765515698695,0
51,14,23,36665.10795976396,0
44,18,15,43071.25356437963,0
51,14,27,48331.13798880233,0
23,16,4,42500.16574288774,0
59,18,38,37172.08042767798,0
35,14,13,27254.650919914027,0
39,18,15,47309.303077287695,0
24,16,0,33101.26219852581,0
41,12,13,46296.26941793759,0
53,12,29,52350.90853424921,0
32,16,8,23092.662873323512,0
26,16,2,45763.12070381547,0
38,12,20,40832.054443477726,0
24,12,6,34033.88126857924,0
53,14,33,59785.735224063246,0
24,12,0,16663.820087044845,0
27,16,6,39150.59945330353,0
60,16,39,71949.36564897961,0
42,12,21,51131.45546641834,0
34,16,12,33841.63115806608,0
49,14,29,42376.89134045922,0
40,16,12,25935.812139240672,0
60,16,41,53700.24939224453,0
39,14,13,37343.20439195545,0
39,12,13,40003.60030109389,0
22,14,0,32989.50329815008,0
30,14,8,18290.38080365516,0
29,16,11,43249.53208760419,0
