unit,time,x,y
0,0,-0.9949234347429499,-2.564318000884392
0,1,0.0404334979310295,0.7776497420501904
0,2,-0.5668009825488575,1.0108179652974911
0,3,1.6256004814495753,3.3202891359820947
0,4,0.17162807775661543,0.6142886657489424
0,5,1.27186990536868,1.8369988577901104
0,6,-1.2259506293363585,-0.9703288398037389
0,7,0.6921079864716022,-0.11140878992179948
1,0,-0.4928194959047003,-1.5634953998955154
1,1,-0.0777400457329267,-1.242499791912657
1,2,-0.8941020506050756,-1.6641307995445624
1,3,1.8239041188485066,0.02259894509841076
1,4,3.2283983120015125,4.4201085604762875
1,5,-0.7442456383152447,-1.6857718510519408
1,6,-1.8312582170003244,-4.141961826316951
1,7,0.18283871129461995,-2.3950494890678558
2,0,0.2972107450519954,1.573994374998606
2,1,0.9987304049701631,1.647576927138676
2,2,1.4767694736096617,6.402876877457731
2,3,0.17228639778769725,2.1798122716091006
2,4,0.8521084898990162,3.1162836162951133
2,5,-2.0298121596829293,1.4974695232476847
2,6,-0.9302075805762221,1.201958931290474
2,7,-1.547270005212386,0.14658173474839206
3,0,1.227002609164165,1.9370736335744236
3,1,-0.5220362532695827,-2.9870807888946977
3,2,0.1931716939609578,0.5029575714460935
3,3,-0.18256467708401292,-1.3342308909934277
3,4,-1.8702988179447404,-4.003380617851703
3,5,-0.08140356473625202,-0.6171642764380112
3,6,-1.0137612015694961,-0.40708694287040137
3,7,-0.5056029000850925,-1.8040702460854674
4,0,-0.5032668733946983,0.503103699161798
4,1,-1.0435207977527352,-1.2765698993422796
4,2,-0.4789764734268411,-0.6785612419481742
4,3,1.7918506590353498,3.827382186132688
4,4,-1.040195159125769,0.8619581265375962
4,5,-1.9440173199530237,-1.5482822269187702
4,6,-1.0067973416479827,0.5735418243743293
4,7,1.1194417577338311,2.6480404148121295
5,0,-0.13977129811850733,-0.1031883101932205
5,1,0.11171431302716937,-1.3701577912130678
5,2,-0.49672764159337945,-0.6405779394375365
5,3,-1.6329933805082473,-4.147299729368607
5,4,-0.7545384805576724,-1.5842741663107196
5,5,-0.5070360390027095,-0.7420917580300194
5,6,1.0467470391364302,0.18502093710249057
5,7,0.006698362837671796,-0.93304476847097
6,0,0.33324840399841826,0.6217645873989301
6,1,0.11630244926560317,-0.7248108822922238
6,2,-0.779901783423839,-0.652525893693471
6,3,2.3137839533140094,3.9778442533713703
6,4,0.26515200657149113,1.3376333979566901
6,5,-1.6150431217055534,-1.2707179932550705
6,6,0.9515439934162395,1.316111064880013
6,7,-1.2058428471387554,-1.9682636515757825
7,0,1.0415999045715603,2.4929322384852917
7,1,0.46433732561305757,2.519429159587288
7,2,0.5295976183479081,2.576160848834397
7,3,0.14821725000676575,2.689508217756404
7,4,-0.7567984150929947,1.100549653172448
7,5,0.48753985809640354,1.2909704716281074
7,6,-0.2933207404681402,2.1746104624515166
7,7,-1.4312935255800658,-1.830578608198483
8,0,0.2052689130747895,0.871568122320324
8,1,0.02796656410841318,0.1833697629565304
8,2,-1.1654008133842413,-0.35100965136946405
8,3,0.3273768784552367,0.24612531969981122
8,4,0.7571139503451187,2.1376901005744546
8,5,0.6489437139816594,2.034074985597613
8,6,0.41395077243770145,2.5398592537759366
8,7,-0.09911515296736699,-0.10488258458776112
9,0,-1.5773642940965398,0.25024335718894053
9,1,-1.7937805441236696,1.2257040424448293
9,2,1.3215810050483492,5.403778658270061
9,3,0.6745625835881429,2.915726458954314
9,4,1.458095533529867,3.9945326300086967
9,5,0.8668810415558065,3.721865262816226
9,6,1.07516522262794,0.40729379533430876
9,7,-1.1599590045093435,-0.9245917914001
10,0,-0.10981915801849979,-2.9443122913298527
10,1,0.10570530886480133,-1.4200776908359896
10,2,0.902842260939313,-0.2533880679510512
10,3,-0.9670063158942828,-3.886866028764606
10,4,0.48678821387723153,-1.2249908057886771
10,5,0.53497877288584,-2.3759816485424574
10,6,-0.6030041917701027,-1.4785699639936363
10,7,1.1285735426417438,0.6754677241194897
11,0,1.4317182600557805,4.552102224390561
11,1,-0.3597771304455947,4.2049416955776815
11,2,-0.9285031917472385,0.04024142292513444
11,3,0.20310352789359962,3.547256274048273
11,4,-0.684926957143679,4.360185567398291
11,5,0.7786893532406833,3.5002735600529746
11,6,0.2996330830517944,4.410919420053133
11,7,0.3751612410978171,1.2794279606455423
12,0,-0.05919755677330096,1.3477509815496889
12,1,-0.9139088804570885,2.1518241192544556
12,2,1.6612982978064619,7.033816889946129
12,3,-0.4979346870738724,1.972170269247436
12,4,0.236235970468925,5.656623395949541
12,5,-1.193524626050356,0.6533702170397053
12,6,-0.003404701688744186,0.35093737771083333
12,7,-1.1289059036209503,1.6450598373812308
13,0,-1.0242235478860746,-1.4376638110147115
13,1,-0.13550094680442845,0.8555378750235381
13,2,-0.0995194119784313,0.20439259440885477
13,3,0.36038668181786887,3.223935820013554
13,4,2.8715832962781445,6.1290493681168545
13,5,-0.40751643381061103,1.3600054732803204
13,6,1.4131940357797512,1.7946022882034718
13,7,-1.0790229406133722,-0.6463430115316857
14,0,1.427671691450232,3.937752068756025
14,1,-1.7866695230605114,0.9004785513563656
14,2,-0.7467788768802629,0.8921299635417643
14,3,0.2891630322488258,3.6450458124292053
14,4,-0.6192847788510644,-1.0302262699756897
14,5,-0.2640988395821136,1.1109335929932298
14,6,0.4003373820176296,2.575063121633107
14,7,1.335547296719662,3.3928572805189203
15,0,0.2615656134242423,0.10153654038150983
15,1,0.4466694407786437,3.1411602381670267
15,2,1.1039030587688492,1.4772189743436106
15,3,0.794643315949673,4.511875056356912
15,4,0.7526681771650768,3.5772142950780945
15,5,0.43433625090275657,1.9636332734115676
15,6,0.10189917462861281,0.5672781035452468
15,7,2.1134152252288767,3.259224682684105
16,0,-0.06588382330577557,1.0812141453906676
16,1,0.8328708786047283,4.775005689581126
16,2,-1.0155362761988662,0.3475586560280881
16,3,-0.1962482791124502,1.7283181089023099
16,4,0.35612703005272245,0.07576289386511226
16,5,0.0854586328132106,-0.4676452848559647
16,6,1.3505288846035868,2.3399928869014937
16,7,-2.4306525014498983,-2.1252967116851327
17,0,-0.45233107011967544,-0.2547750898464858
17,1,0.7331082550808964,1.8686012304656099
17,2,0.6946610705390844,1.6731210622026567
17,3,1.4209343814208963,2.657273587505741
17,4,1.0407379433652029,3.410335098041901
17,5,2.1019129544959974,3.983331911852647
17,6,-0.432887939640434,-1.8184657152174617
17,7,-0.547152182353826,1.0773115310966435
18,0,0.43131218372496927,3.4545893745509524
18,1,0.08152389546365267,1.5201428876896905
18,2,0.28923216473958074,2.7269497179065425
18,3,-0.6233550979761574,1.286716580545132
18,4,0.2807899092374919,1.3624205400018092
18,5,-1.7810086712612823,-1.8362369166610362
18,6,1.4509069290970231,4.343717211387929
18,7,2.322381259183563,5.508227681812539
19,0,1.318615776413395,2.316024593106078
19,1,-2.1887501407508516,-1.3217991446627864
19,2,-0.32405141525648457,-0.2224339557780381
19,3,0.7652299872371717,0.17634377320244288
19,4,-0.18061147472180017,0.9586177523314082
19,5,-0.7425706927260617,-0.47642141129644383
19,6,-1.5606808234340344,-1.1733769520499224
19,7,-0.4939237836782196,-0.750421552906046
20,0,0.9422464806077079,1.729490164671052
20,1,-0.3338920170100328,1.4573558096489778
20,2,-0.5287605731114959,0.24104419639395003
20,3,-0.7075642825132825,-0.29935625601097526
20,4,0.5807866474177183,0.7162354402103579
20,5,-0.2095716871891254,0.007104123604245394
20,6,1.699567062832391,1.121220490592753
20,7,1.0245096061652335,2.532222096504382
21,0,1.6730233384884932,1.9451277162560334
21,1,-0.6866793913931198,-1.234517083410655
21,2,-0.6847458922753975,0.5377525116516396
21,3,-0.08570658060146519,0.8117764972173149
21,4,0.794770256427295,1.6437067283442053
21,5,0.5749363754122808,1.0337734992240795
21,6,0.34775044298893065,0.08092758984457249
21,7,0.4677095745009088,-0.10536383194124288
22,0,0.011078776172534596,3.1058395297585863
22,1,0.30349942545856323,5.322921520678037
22,2,-0.1576521224286495,3.810218857354973
22,3,-0.9177287255438223,1.6754636783545331
22,4,-0.3029059959941919,1.6588330226716628
22,5,-0.4519478724164124,3.472054531947016
22,6,-1.3417700654117315,3.0536397748910313
22,7,-1.5498078362079375,1.9913985231426674
23,0,-0.38963980711420276,1.2811876230478585
23,1,1.9662264466048733,3.9214339372325364
23,2,-0.5832115467192724,0.7619512992618327
23,3,1.5755835138708247,3.5117828730101373
23,4,1.0378394050359394,3.483121938366578
23,5,-0.48808893886916704,0.7394848392074179
23,6,1.6904238923762611,2.985434879128566
23,7,0.6950597194913638,-0.49890309596689186
24,0,-0.6027591670785702,-2.5161252203717153
24,1,1.4223318190395742,4.107023047384844
24,2,-0.5670981292336437,-1.2003662461183529
24,3,0.32871748371167575,0.31081652372929935
24,4,-0.15713399024378324,-1.4900835273074826
24,5,-1.1706353299072687,-2.290238702103065
24,6,-2.307201075825628,-3.920759058819044
24,7,0.09748021576072885,0.9255262667064165
25,0,-1.421124646182981,-1.0416917658127351
25,1,-1.091277433629001,-1.2656304948804207
25,2,-0.49800288081080774,0.6768293565698367
25,3,0.38251950643131966,0.44627199150575203
25,4,0.8576990512149635,2.3258657524554045
25,5,0.26799750208835643,2.5422749824201034
25,6,0.5438786124152973,1.64371747712427
25,7,-1.1171372543929798,0.6602612749007827
26,0,-1.1531785379416213,-0.5476536488313424
26,1,0.5063018248273815,2.2066881939567025
26,2,-0.7423325819446634,0.6601418955288438
26,3,-1.7010480815906968,-2.011267659385613
26,4,-0.9223022434031726,-0.13172440210110697
26,5,0.19903656851820636,2.8236158134326783
26,6,0.6764227642948142,0.63099857531226
26,7,-0.5846936815418216,1.2052107334367108
27,0,0.943215547464059,2.9624713836846306
27,1,0.835214109176183,4.0135749216615455
27,2,0.19195706938729565,-0.47873281650627453
27,3,-0.7020029904410896,-0.37215187410505524
27,4,-0.6676109904773527,0.28830232387033117
27,5,0.708297542207087,3.212013009717302
27,6,1.4594248619434111,2.6641877274526338
27,7,-2.6537009653068,-1.1964752984268108
28,0,-0.7230804862076975,0.9517445883071177
28,1,-0.39956839348434076,2.545862507698242
28,2,-0.3297059257888949,2.957593576545782
28,3,0.034422913587655785,2.8134936553258068
28,4,1.76863263419518,6.807230197072327
28,5,1.808393281552775,4.045908062309164
28,6,-0.1673080274111412,3.5315001872279534
28,7,-0.6084814630785688,1.507683103842339
29,0,0.3072233592355168,1.4849552543482702
29,1,1.0940202118571063,1.6624135251154704
29,2,-0.818189460333084,-0.5170361054250266
29,3,0.5369249704120092,0.16911587612161227
29,4,0.24961375388189952,0.30017423623558326
29,5,-0.13998063074526693,1.3523390863391191
29,6,-0.9709294484333822,-1.8401631262917797
29,7,-1.430569078093421,-0.8755275833571856
30,0,0.31542560059243846,1.0296707555435527
30,1,-0.22383534038419822,-1.0118292889535005
30,2,1.7421777259011588,1.8627064077973405
30,3,0.923361419866134,1.257345271811512
30,4,-0.4247706762358844,-1.73411625523511
30,5,0.08020538771478054,-2.809608007594375
30,6,-0.31219880920058196,-0.7467746203110425
30,7,0.6399221632254175,-0.7646953091112241
31,0,-0.07493607510882734,1.2774383975539134
31,1,-1.5468512825294718,-1.9249886835031855
31,2,0.9338083341401525,2.7705791641583564
31,3,-0.43882767914043797,-0.24408899072240292
31,4,-0.4003736002906569,-0.5973566432074082
31,5,0.37586337728040153,0.7866583806431825
31,6,0.4955378102814404,3.089672557902513
31,7,-1.0475726693587628,-1.1258646649882131
32,0,0.11094360607231855,0.8245839553649332
32,1,0.6044307119854968,0.09398396386005414
32,2,-0.8052962518209439,-1.8305066525740599
32,3,-0.6805893084754774,-3.236885313820747
32,4,0.8765061792935389,0.6027446288855801
32,5,-2.439270433451207,-5.910490319824775
32,6,-2.0888620598540224,-4.989686566417725
32,7,-0.906206866820617,-1.878614907243799
33,0,1.0217543051334619,3.1899475760722837
33,1,0.17173279099146757,1.270373869754302
33,2,1.0915888801519569,2.7849046550464798
33,3,0.460275490782276,1.0297668455750102
33,4,-0.1927074643936065,1.3367121079983504
33,5,-1.6647883031405235,-0.17128939581452135
33,6,-2.1230859581680512,-3.3826471607278754
33,7,0.5172025892945443,4.263189479076461
34,0,0.07883705371953852,-1.2734021130167177
34,1,1.1431749459383076,0.04568227996416774
34,2,0.30182768249270964,-1.6107735414668
34,3,-0.9607030582099702,-1.218523056301978
34,4,-1.6280662058016322,-1.822109704307982
34,5,-1.2616259584947271,-3.3311656020770437
34,6,1.2517242993896223,1.778647010930558
34,7,-0.3840622670206851,-0.9681017907885712
35,0,0.14600734868743098,0.585271146719142
35,1,0.35292652464963764,2.0349658037132707
35,2,0.4206821299763132,2.298438991525794
35,3,1.7559512344134784,2.6513584778705335
35,4,0.7016162686207973,2.254231604212102
35,5,-1.0410546308787085,1.0026108615297287
35,6,0.47025834791501075,2.32895064614325
35,7,0.05650283325561252,2.6861416981541604
36,0,0.39632683814568115,3.164590947212269
36,1,0.06782532889046894,3.511500637592687
36,2,-1.5076923957891124,0.3803567239824567
36,3,-1.37978719777539,1.7770058848828252
36,4,-1.3845904227380033,1.9437909607698558
36,5,0.6413182128530533,4.4860738335656185
36,6,1.1526415315156022,2.5941815842333797
36,7,-0.831513552928238,0.021270073076798734
37,0,1.7809803846675967,5.827942950205878
37,1,-0.18105445930229036,1.9369380569929289
37,2,-1.2644684899770355,-0.14918979638731744
37,3,-0.31047571877165586,4.449103099244715
37,4,0.22485871574004573,3.890109123759796
37,5,-0.24202983331813654,2.4903641244767654
37,6,1.7671990422937491,6.365673220853223
37,7,0.8370512357315159,4.528439505451356
38,0,-1.155019277455696,0.8157173042627189
38,1,0.91576881033481,2.42693914538414
38,2,2.5187940800806596,5.274902944019038
38,3,-0.6633492812333014,-1.5796390189421468
38,4,-2.4266904655488464,-2.698436149858389
38,5,0.9993149185226927,2.1400555969777386
38,6,1.9527138283898164,3.4719227651205324
38,7,1.0877542341874304,1.6606668886762368
39,0,0.06909867607126251,1.4857111094781883
39,1,-1.3557200000648548,-1.0411619999158312
39,2,-1.5079828118550025,-0.9933671549580936
39,3,0.4825840639593207,-0.24846913004287052
39,4,0.024549702958016652,-0.40021912399607706
39,5,1.495242385552385,3.5718846743181647
39,6,-1.5480110050639684,-2.4972645611283384
39,7,0.44422135489103753,2.523668080152683
40,0,1.576167254189492,4.897501851130674
40,1,0.2006381663114501,2.685913902521082
40,2,0.6658440319197585,3.2410323343640477
40,3,1.753382721045125,4.405835569489198
40,4,-0.3935691077647394,0.16671761960000697
40,5,0.287858827160842,2.8150269167667705
40,6,-0.1684802594591533,0.5095585916591583
40,7,0.5102212644944841,2.8744102139967103
41,0,-0.6623828947229605,1.3061266240530829
41,1,0.5963094099351335,2.4010629646207624
41,2,1.0393662049756158,0.2596327799052296
41,3,0.5978391663368063,0.528936983438223
41,4,0.4607859651753412,0.0910489703171875
41,5,1.2990334297193498,1.9912441983868976
41,6,-0.2647906729617527,0.5389043655190288
41,7,1.8985541183538497,3.2501173286233938
42,0,-0.8896174149687398,1.3558436662859772
42,1,0.02967746529270282,2.949858536441292
42,2,-0.1531575687805584,2.3244633954632614
42,3,0.7783163646099579,5.214321031781865
42,4,-0.26474869878648666,2.7665609520145646
42,5,0.011676581611928322,4.990039633780643
42,6,-0.022926545548904796,0.06183542673271436
42,7,-0.06926284420747673,2.211012601207486
43,0,-1.815828951097104,-2.4452808574471696
43,1,0.68165342138169,3.551863928370765
43,2,-1.30777655425308,-1.5871683655159237
43,3,0.6408483970536496,2.3070657590799613
43,4,-1.0481372416692898,-1.5153902905376508
43,5,-0.38073222218231595,0.713921549352944
43,6,1.905420438030161,3.3238593143553077
43,7,0.009643919868729041,0.1590082970872686
44,0,0.7469690674832301,2.8948390201385865
44,1,-0.3480234499998346,0.6376108012439493
44,2,1.0234084176648661,2.064372196055655
44,3,1.1801293627278946,2.846062087524475
44,4,-0.20922680033062843,0.2804449162294762
44,5,-0.7452519717357603,0.11351484829278347
44,6,0.24330780072852937,3.04162513732276
44,7,-0.0804502252986361,0.8302203705577811
45,0,1.0610129576958345,1.8742135048703863
45,1,0.5617747582869077,1.0934877091247135
45,2,-0.24435398006876755,0.979560951586145
45,3,0.23995572678293353,0.3159623718835022
45,4,-1.3141385102766663,-0.46002467919569634
45,5,0.4933508129153407,1.0698428919209375
45,6,-0.6152852908694736,-0.9270528624201786
45,7,2.447112933244918,4.409902089255386
46,0,1.0234688399334884,2.271713869369775
46,1,-0.04298644443120194,-2.1543953897921635
46,2,0.3031685087954704,0.6340308584460972
46,3,-0.174339669078118,1.9992638598490395
46,4,-0.9326061422124287,-1.0495904565887344
46,5,0.8302801622812273,2.3669778048859165
46,6,-0.5589400176431865,-0.4333362365801601
46,7,-0.7956098298995109,0.5146359371661068
47,0,0.8060417821153205,1.4420865247028951
47,1,2.0016257007764393,5.021224801352322
47,2,-2.264506590160059,-1.5148040962399087
47,3,-0.5359570236316242,1.3988053206734108
47,4,-1.736543481810656,-0.6863601222373454
47,5,-1.1648591771913133,0.18088785102101884
47,6,0.5831242425994537,3.486950522247767
47,7,0.1677947067708523,2.779825395281434
48,0,2.0398660478026827,4.1952703911180365
48,1,0.751140684459286,1.806006812406663
48,2,0.28652465771478386,1.7905569405907156
48,3,-1.16933495773233,-1.2907589154691623
48,4,0.5225915949292785,1.4516752430284408
48,5,0.639233544967651,2.611124819064873
48,6,-1.1240969553724618,-0.92318435995013
48,7,0.6605595624431632,3.372539749296985
49,0,0.029175726884229543,1.4715135707378169
49,1,0.9497350056923908,1.1854226182854077
49,2,-0.28153011883233037,-0.15250041270332737
49,3,0.7385507326093995,3.3380734883711782
49,4,0.5115124165903014,3.448278132201104
49,5,-0.16412109638324615,-0.3771360863809299
49,6,0.4976030391764499,2.3101734193871097
49,7,0.7677376229262459,4.022089230143463
50,0,-0.41668776213494607,2.7209783851140004
50,1,0.21332908946461568,5.082043363138748
50,2,-0.11595644419128938,3.557591924084212
50,3,-0.6827104187400393,1.14879410050242
50,4,1.4210592835920681,6.0167007824548
50,5,-2.0630136977698768,1.4772703105229614
50,6,-0.4182843762913171,2.2627994829915714
50,7,-0.3770360540020231,1.9579579381703451
51,0,0.15991084668387345,-0.7097317913614012
51,1,0.8665881959675106,3.1743159850853853
51,2,0.2572331788859891,1.4268975861499023
51,3,0.030511584190092998,1.0649411319338915
51,4,0.7283799890325426,3.496153701527372
51,5,0.39884583530287,1.6757446918788004
51,6,0.2486344304979762,1.6970449520130648
51,7,0.7380193745096705,2.5986756299416087
52,0,-0.34748156049763207,1.8277105233907975
52,1,-0.44522836854533737,0.5035488599908094
52,2,1.2598255186337228,0.861326193814612
52,3,-0.9792684901437582,-0.2534444071465337
52,4,0.6725520217510368,1.7064467754581345
52,5,0.737510463872535,3.075724675240238
52,6,0.4905396939238931,0.4349156709937638
52,7,-0.6951029547474267,-0.7475187164211586
53,0,-1.5189372382051858,-4.452280492255168
53,1,2.9278679420493496,4.551829210708208
53,2,-0.2833305273719362,0.11118422014436746
53,3,-0.4545356498294838,-0.021602777379519322
53,4,-0.22035369546890934,0.1508662431899802
53,5,0.18463713370373117,-0.9839951612026401
53,6,0.3533472732021999,0.9604450615505389
53,7,0.3605460663185078,2.0776491159415906
54,0,1.5146357926656606,2.7137340295500776
54,1,0.04647476364839041,0.10738161166748039
54,2,-0.15510967755650149,-1.7604145239019853
54,3,0.2706917320814194,-0.05688070184587207
54,4,0.9805524098362235,0.9652075190753837
54,5,1.2571589447628966,0.0230635180359684
54,6,-0.6285427129141292,-0.25973490085367723
54,7,0.15685695301164476,0.806332421968074
55,0,1.2310436665240587,1.763524195715005
55,1,0.5607353509083636,-0.09637781337268966
55,2,-0.5530854248179804,-2.5113409567265434
55,3,-0.09529325420761907,-0.2871048078164581
55,4,1.366701920417343,1.74975044048466
55,5,1.135195161735074,1.3266613528064974
55,6,0.2056684934847374,1.2811329099446604
55,7,-0.8927205029829933,-1.1075081439659284
56,0,0.20089595508945576,1.1227559200453752
56,1,-0.40196725164882613,-0.15305456178277183
56,2,0.8599524971794519,2.8990691180505763
56,3,-1.848291202946829,-2.2523810239070956
56,4,-0.6513061702269787,-1.6395150363858162
56,5,0.8027912371639165,1.414770165181416
56,6,-0.04718147072876407,0.6052197288847645
56,7,0.8079876036344984,3.5772954638806995
57,0,-0.525573206246899,0.8590358216005752
57,1,1.6376499026779057,2.9418830234203375
57,2,0.0591094487621765,1.6760035660543933
57,3,-0.015022182875662787,-0.31245247759048533
57,4,0.654739382690222,2.045281793032894
57,5,-0.9886737566992994,-0.732005189684722
57,6,-0.6321511984936912,-1.526082642982397
57,7,-1.1705488615935946,-2.2152680446428743
58,0,-0.07211103448849701,1.22612441510717
58,1,0.551202074523654,2.2972773530578117
58,2,-1.2874473557730117,-2.4117965294670323
58,3,-0.6429446049421175,0.6313152427451575
58,4,0.6288419249531929,-0.1842139044378408
58,5,-1.2240709970319674,-3.174081921205342
58,6,1.2429535822713988,3.1474088136687017
58,7,-0.49167951098292095,-0.9700248122269328
59,0,-0.46795900897090664,1.203715887929788
59,1,0.9762387585935087,2.8127593543004252
59,2,0.6008612010869306,2.873867949866181
59,3,1.2529274478215557,2.910346021121764
59,4,0.5081164866805546,2.8961944573311404
59,5,-1.1474294723166771,-1.5019157961527423
59,6,0.18202767567730874,1.5776606712403023
59,7,0.4864733171928573,2.888023947103808
60,0,1.294956382975179,2.999820405359001
60,1,-0.5742101688414897,1.7298718689159425
60,2,1.5350478314582472,3.255108842517018
60,3,-0.7180286666049591,0.8026771399324709
60,4,0.8302251146879984,0.44876018288379194
60,5,0.086942608694627,-0.6983806239083661
60,6,-0.6675251621581538,-0.9318600466420456
60,7,0.18947298447359529,-1.0027462974148005
61,0,0.5168217334667576,-0.5335680733033789
61,1,-0.3062136799431127,-0.9622058821547641
61,2,1.8750379251662703,-0.40189444784076755
61,3,1.1162326639222828,1.7522456459490077
61,4,-0.7369805189456233,-2.520991188419306
61,5,-0.8795555023757335,-2.4695706509086284
61,6,0.41391677139481053,-2.7327015788510693
61,7,-0.0345809884020822,-0.8126153534665773
62,0,-1.6271359424475413,-0.6470409748805028
62,1,0.2674684308980611,3.1961855862893462
62,2,2.1156297436388165,5.413692987205498
62,3,0.7904096294684227,3.548979599893718
62,4,-0.08110633728008243,3.6268293757962446
62,5,-1.7124793457429317,-0.5575656062842169
62,6,-0.49373290181949586,0.6953256860883362
62,7,0.4720874935684077,3.2980032381066167
63,0,1.1828170879842919,7.244181621790968
63,1,-1.3239255635502205,2.4147269303860277
63,2,-0.033970324144179644,4.704247264540991
63,3,0.029499079605673908,3.9902274835865597
63,4,-0.028893364749199128,5.494766210842691
63,5,0.6292938827472835,5.27796448294704
63,6,2.2052267225701554,6.988020467596035
63,7,0.785308150555017,5.2141169395076234
64,0,-0.7905053607873432,-2.0569142665709363
64,1,0.154685260761707,2.636210746935883
64,2,-0.2532299342824636,1.5829372945902418
64,3,-1.216738702673839,0.16434529381679183
64,4,-0.5329998693862443,2.2917741211297855
64,5,-0.9099262423893089,0.4187805912695366
64,6,0.9697604747111221,2.955761442148273
64,7,-0.8375175069410323,-0.1462755431989986
65,0,-0.2238039588013579,0.31918184288550433
65,1,-0.22953867012198106,1.4218542528149727
65,2,0.8381146480114825,1.4478376249123648
65,3,-0.7645815901965828,-0.5107417560135565
65,4,-0.005273524786466949,1.8228792390471107
65,5,2.114313179852917,2.50742926614107
65,6,0.7593819040609665,3.312347103284959
65,7,-0.6409338242230755,1.5517238727755105
66,0,0.2262137171189269,2.9268460167360475
66,1,-0.6973709245950017,-0.42122096128770226
66,2,-0.32855139019957136,1.8799592859351426
66,3,-0.9635456989326271,-0.6723041314513263
66,4,0.6242930246716142,2.6648341204441754
66,5,-0.3453352598237776,3.377228111119347
66,6,1.6699238856838678,2.3918042046225336
66,7,-0.7198934125092722,0.5176009221002751
67,0,-1.7321032684355797,0.554127983188815
67,1,-0.030397693207734215,1.400026981699268
67,2,-0.9713323320898778,1.5326955062226313
67,3,-2.534279297980668,-1.3090739367241087
67,4,0.3836693570904852,0.8185314225556217
67,5,-0.761349905567093,1.0117097139781568
67,6,0.6823097458500942,3.716967447115618
67,7,-1.8602590893338102,-1.3461355784366202
68,0,0.5916545119338574,2.1609495426956156
68,1,-0.33768895849157593,-1.5591254209921914
68,2,0.9781936279701768,1.5637696219200072
68,3,-0.01518481120855419,1.5190749488157338
68,4,0.0806614311363231,0.7951546226357071
68,5,0.03454436997609193,-0.6685766791432647
68,6,-1.4489490882227645,-1.8143277377896132
68,7,-0.13628575199418247,0.24632359453943076
69,0,1.1692196363749932,3.20656825915285
69,1,0.5152301711338165,2.3291897341035313
69,2,0.6411784885171663,2.9672227290882196
69,3,0.5562033938310573,2.9580028255284474
69,4,-0.8949971796203277,0.04229838959258181
69,5,-1.0558279581402046,0.26111250098096045
69,6,-0.37262941074523936,3.1771376916833125
69,7,1.6168201001497449,4.50787945214875
70,0,-0.47344688635429794,-0.26331140222077076
70,1,-1.7620178828423751,-1.13106063614699
70,2,0.2697628130887301,1.5673746361568794
70,3,-2.453258801031079,-2.25380884332227
70,4,-0.0687780644742857,0.49865928515391206
70,5,-0.29483391949452237,1.3397017956428803
70,6,-0.8079465007206202,0.8405460195784071
70,7,0.5404742334964553,1.6844274928142413
71,0,0.38256246956887374,3.124794421858253
71,1,1.3940016018796506,1.5295382916383757
71,2,-0.07314456387838035,0.46992562283563644
71,3,0.5892274179367648,1.2751058962272215
71,4,-0.145900674887471,0.04799425798313184
71,5,1.7560618446629523,3.491335218127394
71,6,0.4710914502487249,2.1679899118202464
71,7,-1.2100932952607295,-0.3714821404967568
72,0,0.5785729468644428,1.8268483160868252
72,1,2.158096467341817,5.9542833220296885
72,2,-1.2037967856314353,0.7277189410287402
72,3,0.6568010399507709,1.8083881691122432
72,4,0.7206734614161815,2.3645657003906573
72,5,-1.450182312664674,-2.8660831242621168
72,6,-1.495123250638425,-2.3596008592482733
72,7,1.7812305289874903,2.923340431930205
73,0,0.7050479777291715,2.703244005273938
73,1,-0.6735307062799902,2.8261149326711474
73,2,0.14618620871531157,1.9604174002858796
73,3,-0.07456650220237304,3.1895644409727906
73,4,0.4471850536805623,3.6184465269941715
73,5,0.037076714046561404,2.486322759113633
73,6,-0.5948068572439189,-0.12661884867507656
73,7,0.34519613963867657,3.430377211468658
74,0,0.9196169450151678,-0.4984571599152048
74,1,-1.2918395597935521,-2.4551604265056888
74,2,-0.7429507366013786,-3.523717251715282
74,3,1.3198400539567878,2.141771435317546
74,4,1.0617060311193094,0.35982544792783777
74,5,0.5921489954544756,-0.8029425360347927
74,6,-0.051793272768115975,-3.047015955345496
74,7,1.6480541511342557,2.0424893321665727
75,0,1.5491306142636405,3.9544485419964714
75,1,-0.20081298466703115,3.0523089353937225
75,2,1.1225158045448365,3.6524180951840886
75,3,0.2884559416189536,-0.6842287692975852
75,4,0.17606170881110772,1.3094154912746092
75,5,-2.249431931521704,-2.7692224010001567
75,6,0.30838071355220303,2.849664833566532
75,7,-0.6001196968712238,0.389684594219163
76,0,-0.9706062737951094,1.7810074186236868
76,1,1.8598349462621684,5.467533492520909
76,2,-0.7940083252999597,0.3067590261113762
76,3,-0.6639299811017892,4.26448129389586
76,4,-0.16798547329594396,1.1203719473941056
76,5,-2.2226042925922664,-1.8476843186860044
76,6,-1.7630824260528264,-0.35796935375848604
76,7,0.22133478804420548,0.7139282222216681
77,0,-0.689549307023827,3.0715677948096856
77,1,-0.24899389297112756,0.958623444410005
77,2,-0.6761054994260108,2.8704806517312376
77,3,1.0141016995633938,5.414409930656008
77,4,0.6886176052257261,4.024945141654104
77,5,-1.365868461101756,-0.11233126150921757
77,6,0.829490844323764,4.275077537509434
77,7,0.6752499741175577,2.6911159719699365
78,0,-0.44096787207340254,-1.3844957376300655
78,1,1.0048570370132885,-0.3703617725062536
78,2,-0.6011801535075618,-1.274827140874563
78,3,0.5831733659608949,-1.1550440788554075
78,4,0.005763425266344233,-1.1444633808492408
78,5,0.8030491085072841,-0.3404528629614926
78,6,0.39081316531733934,1.0869778470957976
78,7,0.1093635501485689,-1.2199420738184696
79,0,1.6168701596718937,6.716607101129047
79,1,1.2612797744616686,4.3675166107721894
79,2,-1.6771949164405,-0.5698242712466575
79,3,0.4377144000717249,3.620492600485766
79,4,1.1264107224094733,4.186785439273654
79,5,-1.5192711139974873,1.696759822460942
79,6,0.00502134636440763,0.8206897696008428
79,7,0.592593079299868,2.863152759688967
80,0,1.2709642152025995,4.603128858188311
80,1,1.1324638721534714,3.7245630469660953
80,2,-1.3845848832021637,-0.91149108085553
80,3,-0.27181728716095577,3.343584326296625
80,4,-0.634940490877265,2.308589991783985
80,5,0.17864200486770299,1.331035109935171
80,6,0.24567238898841204,2.6068589691140804
80,7,-0.4481073157182691,2.01529238030186
81,0,-1.2536573235487791,-0.1926701513412531
81,1,-1.6321018323857301,-0.4951388296883783
81,2,-1.371904111755546,-0.6608860300373698
81,3,-2.1664273511640477,-0.7094627770969737
81,4,-0.14879765084994845,1.4291020979121725
81,5,0.9392142905172599,2.7322837140100753
81,6,0.6131479379999158,2.7495759304783363
81,7,-0.2691106413231002,1.4314183114659185
82,0,-0.598522795100582,1.1421639201921963
82,1,0.47343317625394477,2.549730925299868
82,2,0.15353828919979223,0.909907393699879
82,3,0.3122114929870109,0.913267044795093
82,4,0.5257576036508175,0.6507507414895431
82,5,-0.7333478461250831,-0.2273446104296749
82,6,-0.061503422021199475,-0.6691974077546401
82,7,-0.6647205093993165,-0.4505077340811386
83,0,0.7351512626632302,0.754974526860521
83,1,0.05369335193213972,-0.5594434140641373
83,2,-0.053490955549234435,1.944294610780014
83,3,0.9737398128996154,1.1910607230075676
83,4,0.9510757607255749,3.80615002604718
83,5,0.9796813117820755,1.2474557578443248
83,6,1.3724981995513528,0.9884198309190559
83,7,-0.08069256747366191,1.2136809387012537
84,0,-0.09260434906568461,0.9111300312393317
84,1,-0.15392723073382805,1.936826454286259
84,2,-1.0043150883530838,0.26088965773016604
84,3,-1.0591420114785675,0.597820071966346
84,4,-0.11297076856421674,0.4390478299288768
84,5,0.30187231032196027,0.08235998807698919
84,6,1.2605356453601508,4.109309714526075
84,7,1.581751350166164,3.2648224253845353
85,0,0.006335850373252986,-1.357830932323902
85,1,-0.10494786382856718,1.6533399750214448
85,2,-1.060652117934169,-0.7682753592880861
85,3,-0.06007999119420733,0.24011555186833444
85,4,-1.0885386089335423,-1.905347762965663
85,5,0.5328237693059957,1.7196221474182647
85,6,0.02024892029862354,-0.7043860506021802
85,7,-0.11479517502168683,-1.1742458740533772
86,0,-0.8391568779260362,1.460277819208995
86,1,-2.024658328902157,-1.057951168739443
86,2,-1.0819940241380819,0.6698072051348363
86,3,-1.1350084838262327,1.2813254301668144
86,4,-1.1771953416672651,-1.7254637174303742
86,5,0.9682802142875264,2.0978655293349533
86,6,-1.310886451287857,-0.7147796017424761
86,7,-0.20502158611735213,1.21959837031883
87,0,-0.3546173169528137,1.886321788900929
87,1,-1.650303228292676,0.5185400989305075
87,2,1.1293656873614761,5.458876465722187
87,3,0.4466449826464695,3.7708218270081284
87,4,0.2351766903635015,2.1926156934626255
87,5,0.74844695339091,2.956659796135503
87,6,-0.8979219002160005,1.8461506537051522
87,7,-0.2604348710462596,1.4803558712832685
88,0,-0.6087250716964142,-1.3242825217402012
88,1,-2.4587907287500803,-3.977682870390049
88,2,0.30818421594246825,0.2978724898891238
88,3,-0.11977592722722193,1.8599362803561879
88,4,0.8229073497983408,0.5025018995446626
88,5,0.9282018493943979,2.431937737293793
88,6,-0.5661507320253581,1.0307255131447945
88,7,-1.0641755387434946,0.12252459307274188
89,0,0.9586574540616278,3.9403169510196583
89,1,0.06224396717001612,1.284689290677609
89,2,0.3106007656770854,0.5416868575911777
89,3,-0.2142767227429719,1.8284458248762634
89,4,-0.5755071064614867,1.1182075470564343
89,5,-0.08945053728785775,1.250691518865432
89,6,0.22350396058224092,1.0967648838818178
89,7,0.5920299655609541,1.6134340790403425
90,0,0.7280489248094547,3.371493109936184
90,1,1.2751128489695234,1.5092270352975459
90,2,-0.9353033826384944,-2.0283321324428263
90,3,-0.24371250647176382,-0.0063993282447812605
90,4,-0.7919119017628004,-3.10993995433573
90,5,0.5394951161928562,1.430019762238939
90,6,-0.13187624607744847,0.5148768590516986
90,7,0.04653552916835868,1.780454666628554
91,0,-0.08344203069208359,0.31256084268551165
91,1,-0.2515099207012265,0.5541722596489693
91,2,-0.9837488330372297,-1.6579477193278462
91,3,-0.849231560461258,1.0160800708119706
91,4,0.22363315382045432,1.557656578706835
91,5,-0.4124638834386963,1.1198897229452511
91,6,-0.6855104091745601,-0.40238491561020956
91,7,0.41996467923736974,1.69784100138451
92,0,0.43583455976820096,1.1393133242537714
92,1,-1.2791166300690362,-1.1357158122913804
92,2,-1.6090892617024464,-0.3193646134936393
92,3,-0.014972010903395198,2.2050661377483722
92,4,0.8762035505104849,0.20295661864868908
92,5,-1.0361224810463772,0.6060289272561045
92,6,1.2469933301631833,2.9473494392705977
92,7,-0.5743748893882974,0.34486163131852726
93,0,-0.0035823223628582753,1.698318397800504
93,1,0.6514070323453891,1.595945238598464
93,2,-1.5106648517269636,-1.3787646745840427
93,3,2.9510416744060572,6.789715363958061
93,4,-1.4117622131924137,0.8469182194035847
93,5,1.0000541574459711,4.00457637668652
93,6,0.12712709654642673,3.7573261624044143
93,7,0.17342066250866311,4.514368536765645
94,0,1.1269871907119517,2.103539915322375
94,1,-0.3720771249504686,-0.11075349383476957
94,2,-0.2611998333104255,1.7809293821415877
94,3,-0.49139600453040305,-0.18659528744228596
94,4,1.2267464407188187,1.589582729712393
94,5,-1.395130042065068,-1.9481089102754012
94,6,-0.8906876165881518,-0.8574467398970178
94,7,0.9248018213362457,1.574668241425012
95,0,-1.4281194135699458,-0.7118848815568032
95,1,0.5949108906459861,2.2982320685680593
95,2,0.8273652220354062,3.2970949464187447
95,3,0.7412890601448591,1.7517003387626082
95,4,-1.1427656298194289,-0.9764829307674436
95,5,-0.38747848633857757,0.3020500875989609
95,6,-0.16256054076524679,1.2658417893443663
95,7,0.5010895564119591,1.430757646754945
96,0,1.7898862697129325,1.7078436068815936
96,1,-0.49710911166648036,-2.1364762634611973
96,2,0.002815133916092493,-2.2613358004582835
96,3,0.41649827504611786,0.7056904418283214
96,4,0.10530970241503013,0.6874970351261143
96,5,0.21369562560545435,-0.6831409500729669
96,6,0.22768075550139796,1.8452026021519572
96,7,0.3281153758779493,-0.24572195651857545
97,0,-1.3779941761846901,1.7152034148705757
97,1,1.2292518304468507,4.837182676451333
97,2,0.3892092945129671,3.4964920325774025
97,3,-0.6603883919049657,2.3873103051425395
97,4,-0.4603717629408029,2.290593524871006
97,5,0.5899514814336606,4.794476561390774
97,6,-0.6226358615762743,3.516037865161835
97,7,-0.05279259809301893,4.348478890545112
98,0,-1.4965789810989971,-2.000731818616082
98,1,-0.9008462312760759,-1.11997155811676
98,2,0.2950804272915461,0.5412659710204163
98,3,-1.3716712505041084,-1.1625958287630025
98,4,-0.9543219701772718,-0.22922103260629423
98,5,1.5301253932418726,4.070958181823565
98,6,0.9448199008255188,1.3821546195153291
98,7,1.327770048171155,0.7538851030100924
99,0,-0.5852602704509904,0.7606248177323714
99,1,-0.9772551222997357,-2.592806192414976
99,2,1.5516312300866635,0.8649647871894193
99,3,1.0036855883176323,1.9888580091952786
99,4,0.13800865931489578,2.1102929080630624
99,5,-0.10558684476647087,0.23134030198820932
99,6,0.28639848057667633,2.805986699498398
99,7,-0.9567370638155336,0.4316454697712676
100,0,-0.05856681393405755,0.7786602662101971
100,1,-1.0632605306032534,-3.186406687046511
100,2,1.0307275502093531,0.21746928973873003
100,3,-0.5149080206422135,-1.9817714851591612
100,4,0.5995336853704646,1.3788762698713661
100,5,-1.0537015658719988,-1.1135966779754878
100,6,0.5460487783291021,-0.2754352366833612
100,7,-0.6929547158847145,-1.922238705959049
101,0,0.7788533229703989,-1.389485884592226
101,1,-1.75266669571647,-5.701492721786679
101,2,-1.2854867239501593,-3.8565577015450065
101,3,-0.23853238764436363,-2.2818180295732104
101,4,-0.29847162847653846,0.0009726250542909654
101,5,0.11291108732423362,-1.5231818865688425
101,6,-0.46250630323814423,-1.9093625822658755
101,7,-0.15138419778768325,0.9504794748778171
102,0,0.28034202205357406,1.1005402329951406
102,1,-0.2985788816990613,0.5642086197435425
102,2,-1.2628414611598535,0.4286946700898556
102,3,1.6027111957240439,2.762469584675299
102,4,-0.229918263436867,3.2302533558544146
102,5,0.8757262143381513,1.9188766394901515
102,6,-1.7536405247399256,-2.204199366212923
102,7,0.38971833893803637,0.9144687500945718
103,0,-1.7197072502008994,-3.3527588959602
103,1,1.474338322415083,1.017440571638062
103,2,0.00583689188055866,1.0897433087649624
103,3,-0.2134241958904014,-0.0741931547284439
103,4,0.7994349676468521,2.2803452264371886
103,5,-0.636377658865004,0.1320362388636296
103,6,-1.6146724128205516,0.9873099621668877
103,7,1.5016241212825294,4.653258956468401
104,0,0.3712879742281987,2.225607931544727
104,1,-0.7788016562802742,1.854072302673556
104,2,-0.1256939466199568,3.070713268358871
104,3,-0.14577933974668156,1.4785199025733633
104,4,-0.4193780564511077,3.299261576787652
104,5,0.8815945921821627,6.124413251719673
104,6,0.417838281757665,4.89838199471411
104,7,-0.13891426412903923,4.387418362449027
105,0,1.5683491202445847,3.5567202129903093
105,1,1.4909295232338804,2.7915682421622994
105,2,0.18919491150923673,2.1206271526041247
105,3,-0.49541454975834937,0.25277351380084623
105,4,-1.0957893019667098,-1.159575286650648
105,5,0.522465441224671,0.8882535249536961
105,6,0.35406210403928856,1.712126060966853
105,7,-0.8382805569871874,0.6339236993455111
106,0,-1.2769653816068243,0.7543943963943078
106,1,0.08266505363312752,0.7287926902821211
106,2,0.9261157364143805,3.392480434264028
106,3,0.3474194306732732,0.18636962831308768
106,4,0.16282493330483094,1.0251347160968094
106,5,-1.9225145688404552,-3.855471655677228
106,6,0.2857583098457043,1.9248004555468254
106,7,1.0116678120167926,1.2910947148528047
107,0,0.5418229764230424,2.5276833541275954
107,1,1.5666952021593754,2.0592266758541156
107,2,-0.10398362325284216,-1.0028862537856966
107,3,-0.5466105188371331,-1.6217214389408394
107,4,-1.737762121939249,-3.3799112833903915
107,5,-2.240307780235553,-2.5114693687560856
107,6,1.2619588519944946,2.087353323889639
107,7,0.08915469401980951,0.5784648032977284
108,0,0.14464152839125152,1.4307652792134342
108,1,0.2766081923325006,3.8959407233717673
108,2,1.7175327566427427,4.298025651448303
108,3,0.38465561254612995,1.4851210440342242
108,4,-1.798881520921689,1.1985256192003177
108,5,0.9715705145009922,4.397255882805863
108,6,-1.1049303867533438,0.27953165012430037
108,7,0.03248574923517355,1.6501713666729771
109,0,-0.15526068097494403,2.3209881343838132
109,1,-0.8922159277817003,2.0969728839360022
109,2,0.6231488061411538,2.5031571015699097
109,3,0.8437822192659302,3.873113673241512
109,4,0.6200896944741627,2.602743538438089
109,5,-0.6865858235782477,-0.13369024711826827
109,6,1.3389896242087505,5.1390406513300215
109,7,-1.7031808238786887,-1.6424835888299685
110,0,0.2956588876287216,3.985182713629983
110,1,2.6319904997589587,4.955044837533986
110,2,-0.04328799766545068,1.3671761232843036
110,3,0.604880666119039,2.180257807754172
110,4,0.5768248591506475,2.2111583375520114
110,5,0.47869937246915706,2.4035856143335277
110,6,1.5208003873270468,2.785910596474916
110,7,-0.8135113197582805,1.7628983570210655
111,0,-0.34786601531727507,-1.4882011727452835
111,1,1.0241765070802333,2.084780056036449
111,2,-1.3563136992181137,-1.1664028396366974
111,3,0.6357807655221198,0.4070548250615571
111,4,0.41023680409273455,0.6642959594451594
111,5,0.5082759937225645,2.585613570764034
111,6,0.7222969000035674,0.44587774683075865
111,7,0.6233759179698823,2.706482608008647
112,0,-0.7285163358857678,0.6958612625027989
112,1,1.6383716797501304,4.0020966348010765
112,2,0.635182213324085,3.8281934547130128
112,3,0.6820457099526154,3.9756935809009617
112,4,1.1499409167513697,2.2200059307475115
112,5,-0.4621443349845979,1.726269720974562
112,6,-0.48993166347278216,1.2332879100391232
112,7,2.2012233494778957,4.661369846117011
113,0,0.4575264535068781,-1.0771362868197596
113,1,-0.35206156060481925,-0.5338193409772687
113,2,-2.8937172683098513,-4.139207866226264
113,3,0.0042847127946143045,-0.520819375559734
113,4,-1.7117743482148509,-3.2441409718234633
113,5,0.33754585126676795,-0.45331720598584513
113,6,-0.34331592170936026,0.4427299074179267
113,7,-1.2871051802129523,-2.767117723581019
114,0,0.045933988664712114,1.467579494240939
114,1,-0.22746987025165247,0.6086265488031241
114,2,1.3078802910942848,4.040240044581908
114,3,-0.47141700686681864,0.9763186892217381
114,4,0.38194481172789746,2.9120337670086958
114,5,-0.7740737566333553,0.044488700958208616
114,6,0.9159101849680145,3.609290511108487
114,7,-1.561767927891167,-1.2559668891667468
115,0,-0.2861362219600566,0.6845890271506394
115,1,-1.5571256046916193,-2.052563460108654
115,2,-0.736064045551775,0.6781430114219614
115,3,0.6269830127302402,2.9330606312625562
115,4,-1.6179357067896731,-1.0787440927362477
115,5,1.5042241952217703,3.127971296131019
115,6,-0.6275204860433601,-0.26275271930385447
115,7,-2.07242459276567,-1.2739444272992952
116,0,-1.007179513415043,-2.1263363201277117
116,1,-0.20367877185985533,-0.7522957468593992
116,2,0.5380989626813019,1.7497871440494968
116,3,1.0352477925089976,3.0493616862412725
116,4,0.28610233791351175,0.24526176033165936
116,5,-0.6440621513819536,0.9642583034580201
116,6,0.45292793884370375,1.6796691316926027
116,7,0.42415398653745445,2.528825181357469
117,0,0.47013279353415166,0.02580761393308914
117,1,0.7740336672374067,-2.128406396683555
117,2,1.244851031917095,1.917849244509806
117,3,-0.6299576885464638,-1.9519238527477594
117,4,-0.7717417691787485,-2.5676182011577593
117,5,-0.8794155114556872,-3.85693533567304
117,6,1.5429836819650873,3.1723680211818372
117,7,0.087968943714561,2.840666780564762
118,0,1.059430040232443,0.34872743097806913
118,1,-2.113609249902294,-3.9588285109398367
118,2,-0.7803643923899357,-2.6424998451692567
118,3,0.6995258409313934,-0.47691164948261466
118,4,0.12269774219497537,1.0815911427270788
118,5,0.6237028402187965,-0.47684952539491354
118,6,0.10950027734915406,0.06367948895172026
118,7,-0.5177584616308654,-2.898725718738864
119,0,-1.0793286153542259,-1.6348136077794913
119,1,-0.06183052877305835,3.6102821898700608
119,2,-0.29751357454834754,0.03774492695762502
119,3,1.849692933381089,4.299012421933412
119,4,0.43648478126682067,0.8980496498933089
119,5,0.33496233079428556,2.100151020620925
119,6,-0.6586258731741873,-1.3156270140888786
119,7,0.050055718282119036,0.3897706317717101
