age,tenure,edu_years,region,log_wage
41,21,16,West,3.5934278566308446
64,39,18,West,4.450529984479242
64,41,16,West,4.27193740170273
38,11,14,Midwest,3.036129476806644
63,44,14,West,4.370329957927166
57,37,16,West,3.9291598739046183
49,24,18,Northeast,4.28601850214296
58,38,14,West,3.8381320378214223
54,32,14,Northeast,3.676678691983391
63,39,14,Northeast,4.174077861286414
38,17,16,South,3.4295110629489516
25,0,16,West,3.377729738202731
41,18,14,Northeast,3.5151097392142243
35,6,18,South,3.5362201771505584
42,24,16,West,3.7038980574655915
61,43,12,South,3.9053759708714537
63,35,14,South,4.046173418128304
51,31,14,South,3.8860424969194467
49,30,18,South,4.205469684057867
34,15,16,Northeast,3.6827997630062477
22,0,18,Northeast,3.030746077121493
38,9,12,Northeast,3.3091780886774407
41,13,16,South,3.536307254622904
31,6,14,West,2.997939479322962
56,31,18,Midwest,4.2132217344619605
29,10,18,South,3.4500760773413903
42,17,16,Northeast,3.8392579704449434
28,0,12,Midwest,2.814081398419239
36,8,14,Midwest,2.8658759513802665
63,34,14,Northeast,3.699865730258575
50,24,16,Midwest,3.6452325001491808
40,12,16,Northeast,3.320645374402842
31,9,12,West,3.029558830118878
24,0,18,Midwest,3.1186495029479344
59,34,18,Midwest,4.163530777212201
43,25,14,South,3.753797485245586
48,26,12,Northeast,3.685064231790931
34,13,14,West,3.024530046431946
24,2,14,West,3.3019876002620876
31,5,14,South,3.3708595151813556
27,3,12,Midwest,2.548243107044885
30,1,14,South,3.0378107247833213
28,0,14,Northeast,3.1990440788944086
46,21,14,Northeast,3.8401832260015616
26,5,14,Northeast,2.7298809225568617
47,21,18,Midwest,3.8086012305109644
46,20,14,Northeast,3.515208753953316
60,35,16,Northeast,4.152610448189903
42,22,14,South,3.297966392862915
26,0,16,Midwest,2.6263986174046394
35,9,12,Midwest,2.9047426471660045
43,14,16,Midwest,3.233667132996454
35,9,12,South,2.946480066866874
34,11,14,West,3.2189539822322977
32,6,18,West,3.328320988320823
42,20,14,West,3.3421652461264166
60,31,16,South,4.029531452401046
62,38,12,Midwest,3.868436964179142
52,29,16,Midwest,3.658017493446147
61,39,14,Midwest,4.237432615896616
64,46,12,Northeast,4.129217515042969
54,31,18,Midwest,4.311015685006012
59,31,16,Northeast,3.950936761048145
55,36,12,West,4.1614606425428295
41,21,12,South,3.2112845001422863
33,4,16,Midwest,3.0710989636789203
62,33,14,West,4.102027713676073
44,15,14,South,3.1549436928282537
26,2,16,West,3.1524380402903533
56,28,18,Northeast,4.359561625222259
24,4,14,Northeast,2.807727912013677
54,25,14,West,4.241501011483749
34,5,14,Midwest,3.261688675245216
46,19,12,South,3.1842891298812006
48,19,18,Midwest,3.5175989782654056
58,35,16,Midwest,4.07549257810696
63,42,14,Northeast,4.084271452807244
58,36,16,Midwest,4.1919123167704875
41,22,16,South,3.60457914204537
37,14,14,Midwest,3.558373098951579
42,18,14,South,3.684239803244693
41,20,18,West,3.6446264025809816
36,11,16,West,3.4511870467842085
34,16,14,West,3.251669109919121
36,14,12,South,3.2768552658636465
56,34,16,West,4.106420932760187
35,17,14,Northeast,3.363753735613065
43,18,14,West,3.3811206735560746
29,9,14,Northeast,3.227647385580842
46,25,16,Northeast,3.6614983362037785
62,36,18,West,4.418347980911008
42,24,14,Northeast,3.678477403110696
39,14,16,South,3.068529754289411
32,5,16,South,3.120558651646569
34,6,16,South,3.4703482202189333
64,39,14,Midwest,3.949898359124449
28,2,12,South,3.0006517579997487
45,25,14,Northeast,3.5329049774713885
41,15,18,Northeast,3.8310963433669905
63,35,18,Midwest,4.2023114030015964
40,11,14,West,3.3803461234194447
31,4,12,South,2.8538683293899028
42,18,18,Northeast,3.660409653887755
60,41,12,Northeast,3.970630898205432
32,10,16,Northeast,3.319172767376809
35,17,12,South,3.2682699679761327
50,27,16,South,3.3922735212382307
36,16,14,Midwest,3.0682335780699486
22,0,14,Midwest,2.775773497673936
52,25,18,South,3.928686099564402
50,28,18,Northeast,4.165032603929185
54,36,12,Midwest,4.010251303758253
59,30,12,South,3.3589705133237606
63,40,16,South,4.475710916225719
23,5,12,South,2.5524451146706926
63,43,14,Northeast,4.149115604772646
54,29,14,Northeast,3.9678584320601273
62,43,18,Northeast,4.902635741367577
37,17,12,Midwest,3.1733232039520196
49,28,12,Midwest,3.535661030776654
63,43,18,South,4.440551755954157
39,20,18,Midwest,3.867477667588889
62,40,16,South,4.037657009295449
28,4,18,Midwest,3.5168315005636925
33,15,18,West,3.27554687531268
38,16,16,South,3.5373789859455567
63,37,12,Midwest,3.9274512246690336
35,15,16,Midwest,3.46924888026998
49,27,16,South,4.0869217114793095
48,25,16,Northeast,3.8956480535859654
30,12,18,West,3.4983387291201296
45,26,16,West,4.026265970570107
45,27,16,Northeast,4.127639727870933
26,3,14,South,2.9686182821085763
33,4,16,Northeast,3.2833162659405146
42,17,12,West,3.1358698084959142
51,22,12,West,3.5303072918595264
58,30,12,South,3.7913321258731125
49,22,12,South,3.407673880281022
50,31,12,South,3.3056535891112504
28,6,18,Northeast,3.247551048853313
24,0,16,South,2.736654213678858
61,33,14,West,4.099104678474665
25,0,12,West,2.882314899118657
64,36,18,West,4.074959630297208
29,5,18,South,3.541212657886152
42,23,16,Midwest,3.7578906014505713
57,34,16,Northeast,4.097431335662176
37,15,18,Midwest,3.338625806925255
64,44,14,Midwest,4.184486817014495
25,1,14,Midwest,3.1418996384822875
39,12,18,West,3.723405182526031
48,25,16,Northeast,3.3521560310099683
64,38,14,Midwest,4.000802120804788
45,21,14,Midwest,3.5639137027802006
58,39,16,Northeast,4.045293341404642
27,0,16,Midwest,2.96481136109884
28,0,14,West,3.0858908162747136
34,12,14,West,3.5523409799425907
54,30,16,Northeast,4.16604041845904
30,6,16,Midwest,3.528136050964979
47,18,16,Northeast,3.6757837639538415
56,27,16,Midwest,3.924343173550476
45,16,12,Northeast,3.021472942049111
60,35,12,South,3.843021864191091
50,25,18,Midwest,4.017608811261089
24,0,16,Midwest,3.1039634783135064
64,45,14,West,4.1858995452861505
53,30,12,South,3.489272202885936
30,1,12,West,2.8698569172133306
56,28,16,Northeast,4.215599552386189
62,35,16,Northeast,3.9012047760549473
56,38,18,West,4.291889932337349
36,8,16,South,3.4841788416666795
60,34,16,Northeast,4.004254250906129
55,37,12,Midwest,3.8445595337510685
47,20,14,West,3.6156902169496554
34,7,16,West,2.9730000554088054
29,1,18,Midwest,3.4732269943391185
32,4,14,Midwest,3.400159130286713
28,10,14,South,3.5611971758529393
24,0,16,South,2.7680104865702417
48,20,16,Northeast,3.739499432423864
51,26,16,Northeast,3.9344393220961638
38,10,16,South,3.382379982546797
37,9,14,South,2.9395336196522504
25,4,14,South,2.645403929429676
40,17,18,Midwest,3.639642295421176
43,19,14,South,3.25853258882782
64,41,14,Midwest,4.169598254342612
22,4,14,South,2.8476215433385144
35,11,16,West,3.43965124421369
61,40,14,Midwest,4.350104347860404
57,38,12,Midwest,3.7934816216823335
46,24,18,Northeast,3.977012015552445
45,26,16,West,3.7924691101894275
43,25,14,West,3.477934387925264
27,6,14,Midwest,3.35470308233896
39,14,12,Midwest,3.1331873200112907
32,3,18,Midwest,2.9377067927910137
23,0,12,Midwest,2.6311097773204684
26,6,18,Northeast,3.272624646684522
27,1,18,West,2.9141404639479296
32,6,16,West,2.9783374350929046
60,40,12,South,3.8103826324407306
59,30,12,South,4.157257121981756
50,31,14,Northeast,4.094595544327344
56,33,14,Northeast,3.9302360148924977
43,21,16,Midwest,3.530707299056829
46,21,16,South,3.3753558885334045
24,0,16,West,3.3106719777392333
33,12,16,Midwest,3.3795713190812475
36,14,14,West,3.1920865267742626
50,27,12,South,3.5397221050240755
37,18,14,Midwest,3.42849476957566
49,31,18,West,4.412612318948169
59,39,16,Midwest,4.072589893833663
47,23,16,Midwest,3.434914876906914
50,29,14,West,3.903192782911281
22,4,14,Northeast,2.8909139463382605
31,12,16,South,3.2452272033058818
34,14,12,Northeast,3.4309798017904543
31,11,16,West,3.474234542812191
41,21,16,Northeast,3.54124044576933
45,26,14,South,3.6342558726153538
53,28,14,West,3.595779326803234
36,17,12,Midwest,3.2398363987026477
46,19,18,Midwest,3.660206756740827
49,21,16,Midwest,3.6109654844746646
37,17,18,Midwest,3.4685169464410697
49,21,16,Northeast,3.486774669780189
56,36,14,Northeast,3.9650702298214924
34,13,12,West,3.235059679809525
41,15,14,West,3.547724944835477
51,29,16,Midwest,4.441801722967161
44,21,16,Midwest,3.391557170704108
29,9,14,Midwest,2.8407535261481516
50,30,16,Northeast,3.789577145925292
35,9,12,Midwest,2.9695964856045514
33,8,14,West,2.973314590803245
53,25,14,West,3.5811439452510667
45,26,16,South,3.785362019993167
26,0,14,South,3.0351770318357683
24,3,16,Midwest,3.171326300961032
54,32,16,Northeast,4.141464513229311
32,10,14,Northeast,3.2842749420005
55,34,12,Midwest,3.624595943190562
50,22,16,Midwest,3.821784697812961
47,23,18,West,3.6899501937422206
63,41,16,South,4.046013608830895
45,16,14,Northeast,3.4606164131476898
37,17,14,Northeast,3.5766164157986875
23,3,18,West,3.146294851670715
45,22,16,Midwest,3.401877898259313
59,36,16,West,4.508207328021473
44,21,12,Northeast,3.5621304679246255
44,19,14,West,3.601057087543902
37,13,14,West,3.2182393462633825
62,34,14,Midwest,4.22862187156193
48,23,14,South,3.7829248681654617
25,7,14,South,3.062935244769015
47,29,14,West,3.7818990633800875
39,10,18,West,3.764157462555742
30,4,18,Northeast,3.574744439913544
60,34,12,West,3.8718360489004855
26,2,16,West,3.0085950302946243
44,15,16,Northeast,3.430784812076136
38,18,12,South,3.5406936658018457
22,0,16,Midwest,3.112685821136783
35,13,12,Midwest,3.222056169830761
27,3,18,West,3.148716048474012
43,16,12,South,3.522923020952149
58,32,12,South,3.8826857740930687
31,5,18,South,3.319898724227989
30,10,16,Northeast,2.8620925973191795
64,46,14,South,4.415074491661831
37,9,12,Northeast,2.897068429674938
36,16,12,South,3.1288245274869544
32,3,16,Midwest,2.920061550954209
48,28,16,West,3.7393548566882444
51,28,16,Midwest,3.669046784471489
39,18,14,Northeast,3.415688925819648
41,17,16,Northeast,3.4714448729216336
24,0,14,Midwest,3.1997658131181765
62,35,16,South,4.478163903045258
59,37,14,Northeast,3.8415099197935274
29,11,16,West,3.4204307829988685
38,11,18,Northeast,3.9360972157796628
43,16,16,Northeast,3.5986382226135345
37,9,14,Northeast,3.5046153912027957
45,25,16,West,3.5673206997234788
22,3,16,Northeast,3.05235020093542
51,30,16,West,3.8454656209678104
45,21,12,West,3.4406819645667106
25,6,14,South,3.12296761057904
63,45,16,Northeast,4.255040984646444
24,0,14,Midwest,2.9250978369903384
62,36,12,Northeast,3.683202367776664
22,0,18,South,2.7718612108718874
30,7,14,South,3.0623623762059142
57,38,16,West,3.8433554914238286
50,31,14,Northeast,3.741893195542205
41,17,18,West,3.697568554074402
56,38,18,Northeast,4.399525109925146
26,1,16,South,2.7898393250474123
45,21,16,Midwest,3.7237768985123996
41,14,16,West,3.6484684115816313
51,22,14,Midwest,3.553326564925889
51,28,16,West,4.136806266233443
26,5,12,West,2.469563536805759
44,19,14,South,3.2127574769025675
35,13,16,Midwest,3.350670029377919
56,37,18,Midwest,4.118138255917207
51,22,16,Midwest,3.5937311036748962
27,2,12,Midwest,2.987815754197211
42,18,12,Northeast,3.5035873367542107
45,27,16,Northeast,4.041202922140139
52,23,16,West,3.602521557665039
62,44,16,West,4.432850054724815
41,14,14,West,3.082030616106631
33,10,12,West,2.980677745450067
35,17,16,South,3.392776305087848
40,16,14,Midwest,3.389419734124655
50,30,16,South,3.78038754477876
39,12,16,Northeast,3.618431570362256
29,6,14,South,3.163232093683838
41,23,16,South,3.5815595707975105
24,0,12,West,2.543208144170646
30,4,14,South,2.759928466854903
36,8,12,Northeast,2.965872815968619
49,25,14,South,3.732115694329314
63,35,16,South,4.025419433151936
37,13,12,Northeast,2.9879305519995816
46,25,14,West,3.900543763183266
59,34,12,West,3.788225854629815
62,43,14,Midwest,3.8705976486509726
62,33,18,Midwest,4.518081117743303
33,6,16,Midwest,3.107449339253694
34,14,16,Northeast,3.7789632422534125
41,13,14,Northeast,3.4660622234966105
31,11,14,West,3.5410001960170945
31,5,16,Midwest,3.4473586220360737
61,40,14,Midwest,4.275268797743702
54,27,16,West,3.7065997893866984
43,16,16,Midwest,3.360885607787017
33,14,14,South,3.590085846844343
32,12,14,South,3.081229566907117
23,0,18,South,3.205748591030568
38,9,16,South,3.232639806648945
52,26,18,South,4.285194284934869
40,20,16,South,3.7423748551780793
38,16,12,Midwest,2.9209544480254497
63,38,16,West,4.355137576155604
31,4,18,Northeast,3.4387659937198536
61,41,12,Northeast,4.061403255839427
39,13,14,Midwest,3.105579951424565
37,15,14,Northeast,3.5369243514495956
41,19,14,Midwest,3.604968327720495
49,20,16,Midwest,3.866933275596777
29,9,16,Midwest,3.0792140146520737
41,20,14,Northeast,2.9635364117898866
55,35,12,West,4.064294177850758
27,0,16,Midwest,3.2352462585745356
47,28,14,Midwest,4.135244821392248
34,6,12,Midwest,2.82257470355922
45,21,14,Midwest,3.767261199992767
34,16,18,Northeast,3.6713376760734047
45,21,14,Midwest,3.814548748752616
41,13,18,South,3.675849778345694
54,31,18,Northeast,4.35907093076074
48,21,12,Midwest,3.1695961401771022
27,4,16,South,2.7874021498501294
35,17,14,South,3.1993177797675503
51,22,14,South,3.404066583991284
37,16,14,South,3.4861335137186926
64,41,12,South,3.6718474267049324
50,21,14,Midwest,4.087106041991707
48,27,16,Midwest,4.028528958550204
53,31,14,West,3.7989555770579426
63,44,12,South,3.812227924356556
52,25,14,South,3.858772839723429
33,7,16,Northeast,3.5012157637333754
42,24,14,Northeast,3.633814127137421
26,0,14,Midwest,2.733115340425464
60,41,14,Midwest,4.121099150660557
25,0,16,Midwest,2.623041822706712
29,7,16,Northeast,3.252740976549622
48,28,18,Northeast,3.933872609590659
39,15,12,West,3.0261368938069118
36,9,16,West,3.2497953581592895
63,42,14,South,3.9963069089135836
33,10,12,Northeast,2.897152303409776
30,3,14,South,3.304862783106671
58,40,18,Northeast,4.228996103616898
43,24,18,Northeast,3.6949422931519935
26,0,16,South,3.1201654215979997
24,0,12,South,2.5371803885184505
27,2,16,Northeast,2.951409449680424
45,16,18,West,3.9140155110827317
22,2,14,Midwest,3.0130423548894516
62,39,16,Northeast,4.005157526303016
40,20,16,South,3.7564687117176243
24,0,12,South,2.6993148705544607
35,12,16,Midwest,3.2192860042478997
60,39,16,South,3.905080780569746
52,29,14,South,3.943191919347808
52,24,14,Northeast,3.7250377125930396
23,0,12,Midwest,2.952283201480288
26,1,18,Northeast,3.316680641792494
57,32,12,Northeast,3.758104170980219
45,18,16,Midwest,3.465498386726031
64,37,18,Northeast,4.349100152566608
27,7,14,South,3.0661915855806905
47,24,16,West,3.687207950252521
64,37,18,West,4.312082354069621
46,20,14,West,3.3245791403634595
33,11,16,Northeast,3.266480468028088
60,34,18,Northeast,4.431856800768447
60,34,14,South,3.7864411193479177
24,0,16,Midwest,3.1770528749830977
62,37,14,Northeast,4.014233830421722
52,34,14,West,3.913507449562833
54,33,16,West,3.963108569226761
61,32,12,West,3.6416070608763222
50,21,14,South,3.5531421758100232
27,1,14,West,2.966620328394321
35,12,12,Northeast,3.514631960358678
55,36,16,Midwest,3.962542629747263
34,13,12,Midwest,2.512138124378022
37,12,12,Midwest,3.313880922759234
56,28,14,West,3.9207506125979097
29,7,14,West,3.523643310577336
32,6,18,Northeast,3.5983892965215305
24,0,16,West,3.0574368802857004
58,39,16,South,3.7314531398891586
64,37,16,West,4.1455290884058575
54,25,12,South,3.7136429453007564
57,37,14,Midwest,3.7971822155379558
37,16,16,West,3.7155278791487585
53,31,18,Midwest,4.407963156660529
38,20,12,Midwest,3.4222923775525254
47,22,16,Northeast,3.6983757305548277
33,8,14,West,3.084422859896428
34,12,12,West,3.2642031029008804
26,0,16,Northeast,3.419977751579422
42,20,12,South,3.614867646684877
51,28,12,South,3.595553859580253
28,0,16,West,3.4179842067578186
58,31,14,South,3.775636631876327
23,0,14,Midwest,2.7988613982495907
33,15,16,Northeast,3.4417537672094127
53,29,14,Northeast,3.6783200901748008
27,5,12,Midwest,2.7922933106036147
42,13,12,West,3.11475410498896
22,0,12,Northeast,2.7234588448630266
61,35,18,West,4.149233811174638
24,4,16,Midwest,3.266018812613664
30,6,14,Midwest,3.1958499118299826
50,28,14,South,3.611514613411617
44,23,14,South,3.6775192550433893
58,39,14,West,4.013994228588794
51,30,12,Midwest,3.2405284580254032
62,37,16,Northeast,4.389127567502784
37,12,12,Midwest,2.921818520433914
50,31,16,South,4.011985277773545
39,18,12,West,3.1559965264104304
41,16,18,West,3.6831495605353015
64,40,16,Northeast,4.326391166864982
23,2,18,Midwest,3.237735475377002
29,2,12,South,2.8783153885555577
58,29,14,Midwest,3.795247709824074
33,4,12,Midwest,2.8485526983478873
54,28,14,West,3.9469260599733063
49,25,12,Northeast,3.7983462946949045
56,30,16,South,3.768979183035795
54,36,12,West,3.6210871002755134
57,29,18,Midwest,3.7949265005558845
50,29,16,Midwest,4.1045058131733265
59,37,18,West,4.362318871276096
42,24,16,Northeast,3.6607211549337695
38,15,18,Midwest,3.509004356450887
27,1,14,West,2.9548943799962455
57,37,14,West,3.8437206035714104
22,3,14,Midwest,3.377524999750014
27,5,12,West,2.8680930360528407
24,6,16,West,3.2159834618141305
48,22,16,South,3.6160151591093466
63,45,12,South,3.8277667957549504
26,7,14,Northeast,2.829716646321019
23,0,16,South,2.8101070980082734
33,10,14,Midwest,3.0098993840482002
31,10,18,West,3.5479164747937624
28,3,14,Northeast,2.9002463698686487
37,14,12,Northeast,3.181765454258584
35,7,16,Midwest,3.331413912208191
34,12,16,South,3.2132242429282782
62,40,12,Northeast,3.9920684935594006
24,6,16,West,2.994053996370305
39,19,14,Midwest,3.754337634802867
60,40,12,Midwest,3.6851975608019996
42,18,16,West,3.291195531031433
43,15,14,West,3.437345385181131
38,20,14,Northeast,3.454572350170009
62,39,16,West,4.0239755722435016
30,6,12,South,3.315549992405058
41,12,12,West,3.166848130721738
55,32,12,Northeast,3.625763026181668
42,20,14,Midwest,3.0810985361382124
59,32,18,Northeast,4.283367518909232
55,35,14,South,4.103859019318044
32,14,16,South,3.4619580478988063
26,7,18,West,3.293946946041953
38,9,12,South,3.1157124960547056
51,33,12,Midwest,3.204406465674187
33,14,14,Northeast,3.383999154934607
40,11,16,West,3.435966618221471
39,11,12,South,3.1798053235782135
31,10,14,South,3.3180695169058514
30,1,14,West,3.3521804605194068
48,19,18,Midwest,4.166970792818595
48,29,12,South,3.3181441533055245
42,19,12,South,3.3179868466238065
30,7,12,West,3.164518294873948
37,17,18,West,3.306037050519201
46,22,16,Midwest,3.8035251145206765
60,39,14,West,4.215097354023889
61,39,16,Midwest,3.979400772581497
50,31,16,West,3.959807412959868
58,34,12,South,3.7799135033470512
44,19,18,Midwest,3.588170698789471
30,3,14,West,3.199171905188331
62,33,14,Northeast,4.074315539336121
24,0,18,West,3.2679446584460257
50,24,14,Midwest,3.544174425153125
45,19,12,Midwest,3.3481264480190904
22,0,14,West,2.6277030092761176
59,32,16,Midwest,3.6895440756319813
56,33,18,Midwest,4.0535222161561935
56,34,16,Northeast,4.380870176388201
53,26,12,Midwest,3.560608155916079
26,4,16,West,3.031778187639288
49,29,14,Midwest,3.4130289221121033
55,27,14,West,3.5691599133722702
45,22,16,West,3.7199407104900635
27,6,16,Midwest,3.522090317304708
42,24,18,Midwest,3.5469829346057593
25,0,16,South,3.28856201717653
43,23,16,Northeast,4.099128567970098
42,15,16,Midwest,3.815430384649032
61,35,14,South,4.221978579652877
29,6,18,Midwest,3.4073692239022106
35,9,12,Midwest,2.9574223027132995
24,1,18,West,3.468921752990471
46,21,12,South,3.27019980332783
47,22,12,Midwest,3.1018673142584876
23,0,14,South,2.742005356223875
46,20,14,West,3.5963609291354666
46,22,14,Northeast,3.9374420259575458
23,0,18,West,3.029259680495516
28,10,14,South,3.427880061894341
34,11,18,South,3.0352449319484256
26,1,16,Northeast,3.2950175900093353
31,7,14,West,2.5280337128639965
30,9,14,South,3.1322949595979397
28,8,14,Northeast,3.1661784508767004
41,19,16,West,3.3434309558380035
43,23,16,South,3.641596032475156
57,33,16,Midwest,3.9787608325300123
23,3,18,West,2.9543969109800314
25,4,12,Northeast,2.765722527230714
38,19,16,South,3.6526401224549545
23,0,12,Northeast,3.0732346760611056
45,23,14,Midwest,3.647162925531214
22,0,16,Midwest,2.8769454100188767
64,36,16,Northeast,4.350156984764397
28,1,12,Midwest,2.846241112666479
36,18,14,Northeast,3.266252811010839
42,21,12,South,3.4258484237520594
48,21,18,South,3.95055853290083
56,33,18,Northeast,4.387143155939101
33,13,16,South,3.1027634714481875
64,42,18,Northeast,4.564370595110801
32,10,16,West,3.584708620831108
46,25,16,Northeast,3.772776569886559
34,10,16,West,3.3747260624132713
51,27,12,West,3.7958475672396372
50,28,16,Midwest,3.762564460543447
33,10,14,West,3.270632560666049
39,16,16,Northeast,3.513396919121762
39,16,14,South,3.3882848985950664
39,17,12,South,2.8175148543858297
33,6,14,Northeast,3.1746366557577366
39,12,14,West,3.205041196551016
45,19,14,South,3.3916901312682946
47,20,18,South,3.753940625015016
54,36,12,Midwest,3.62041520795687
45,17,16,Northeast,3.560777899499493
26,5,14,Midwest,2.8923793329510312
46,17,12,Northeast,3.247867208830911
45,19,16,West,3.8496313493553584
42,21,18,Midwest,3.749229171746459
30,4,14,Northeast,3.1783969553303777
60,42,14,Midwest,3.8838744787425683
52,34,12,West,3.580469128740481
40,11,16,Midwest,3.3531810018594963
38,9,16,Midwest,3.2609719333813656
64,38,16,South,4.374440358549197
37,16,14,West,3.394044350754623
29,11,16,Midwest,3.580481122784221
41,23,12,Midwest,3.3441463082651897
38,19,16,Midwest,3.8041895569417465
40,22,16,South,3.395697209074763
60,32,12,Northeast,3.5195179975865813
39,21,18,West,3.8411283306171526
32,3,12,South,2.8784201888705976
57,37,16,Northeast,4.504047483971892
38,10,12,Midwest,3.2968507010379478
40,14,16,West,3.945127026376935
43,23,16,South,3.6177112517342143
51,29,12,South,3.421899366873388
52,24,16,Midwest,3.5232617263426915
29,11,12,Midwest,3.016773138272652
38,18,16,South,3.4820523069664864
58,30,12,Northeast,3.42076137987232
22,0,16,Northeast,3.2776817968793432
57,32,18,Midwest,4.416707188186553
27,3,12,Midwest,2.500234098197394
25,0,12,West,2.6755457827169544
49,31,16,West,3.922084585002525
61,36,16,West,4.085077148228862
42,13,18,South,3.463130211513788
34,13,14,Northeast,3.273645086125133
63,42,18,Midwest,4.439393225500059
28,7,14,Northeast,3.075953035069569
23,4,14,Midwest,3.2185026895557853
32,5,14,Northeast,3.311769848615623
52,23,16,Northeast,3.8872376472095014
57,36,12,Northeast,4.375496959383303
43,21,12,Midwest,3.5127092361089716
52,24,18,Midwest,3.6552658069826687
42,16,12,Northeast,3.2384192729852272
56,38,16,Northeast,4.4093011492388845
35,15,16,Midwest,3.4419452178874947
50,28,18,Northeast,4.109905455127593
43,20,16,Northeast,3.7747033930176515
49,22,12,Midwest,3.4649926609847217
26,0,14,Midwest,3.35764605141249
51,24,16,South,3.8393007039746525
22,1,16,Northeast,2.930435060500005
54,36,12,Northeast,3.7839374137196407
63,39,14,South,4.0645246815034115
22,1,16,West,3.2174647021469593
40,14,12,Midwest,2.932924260597866
62,39,14,Midwest,3.972689639646701
48,24,16,South,3.6486952565626996
29,8,16,Midwest,3.2743307080710338
27,0,18,Midwest,3.4462389461919773
60,39,12,South,3.8962964935607345
30,10,16,Northeast,3.2036075683726772
34,13,18,Northeast,3.812549505931881
44,26,14,West,3.528009400400875
43,20,12,Midwest,3.6917311302965823
43,24,12,South,3.5244285868615877
34,9,14,West,3.152392243556586
44,20,18,South,3.516665075376404
26,8,14,Northeast,3.209861907260663
48,20,12,Northeast,3.446329021879016
64,45,12,Midwest,4.034519779085103
58,30,16,South,4.219369341369374
30,10,14,West,3.076448735165281
41,15,14,West,3.5410252944982696
29,1,12,South,2.9990907250400993
29,8,14,South,2.799198033227714
47,28,14,Midwest,3.5115861210321224
29,3,14,Midwest,2.739772514224356
32,11,14,West,2.9184282422201306
57,37,18,South,4.481072137564525
33,14,12,West,2.935173691178545
25,0,12,West,2.742529089103441
32,4,18,Midwest,3.4050013404019817
41,12,16,West,3.278593782524397
40,21,18,West,4.3280874124518345
29,8,16,South,3.171904309598843
27,7,14,West,2.5846932264561784
30,7,12,South,2.973222499565478
37,11,16,Midwest,3.504158725354976
46,24,14,West,3.856538119751014
60,41,12,Midwest,3.607664352214752
27,3,14,South,2.82266637818581
46,19,16,West,3.4999889326427454
29,11,14,Midwest,3.211863631895518
42,15,16,South,3.5338315464528045
34,10,16,West,3.243654600502369
39,12,14,South,3.2452470808038956
55,26,12,West,3.729401788093399
63,36,12,Midwest,3.9546116757351824
24,0,16,South,2.50531404922724
52,29,18,West,3.8860636406232034
39,13,12,South,3.4449598658605494
47,29,18,South,3.8862137822042917
26,1,12,South,2.745079296620542
51,26,16,West,3.85104171650061
42,19,12,Northeast,3.4757660738786202
57,39,12,Midwest,3.870179042907726
59,37,14,Northeast,3.6816217548214105
55,26,16,West,3.909195217583012
23,5,12,West,3.049567271202685
63,45,16,South,4.309276695052134
57,29,12,Northeast,3.611597374611296
49,21,16,Northeast,3.717995996594086
63,45,16,Midwest,4.1596991462884585
57,38,16,Midwest,4.4539898421518025
54,25,16,Northeast,3.9164821295792334
32,6,18,South,3.203749482553697
61,39,16,South,3.8908392892550507
38,10,18,West,3.7366150055485465
36,14,14,West,3.3099432312387576
58,36,12,South,3.4362291584115687
60,38,14,West,4.205114882746535
32,11,12,South,2.8134616288788346
53,32,14,Northeast,4.2122852911940765
38,15,18,West,3.4561344616148735
25,2,16,West,3.3164047377910926
28,7,14,Midwest,3.1061778077620974
51,31,18,South,4.359710470259851
30,5,18,South,3.114058869140033
58,33,14,West,3.650990223005106
26,0,14,West,3.0027926869058525
35,12,16,South,3.3868621247217203
64,35,14,Northeast,4.15307781219253
22,4,18,West,3.490137317179293
50,27,12,West,3.3055487708455096
26,8,16,Midwest,3.242753835573718
64,39,12,Northeast,4.216892777752469
58,33,16,West,3.7488265113881964
34,10,12,Midwest,3.4863065536477866
26,1,14,West,2.9076071747360666
44,19,16,Northeast,3.796973461135618
48,26,14,Northeast,3.3408220593937763
56,35,14,Midwest,3.6828823216952333
29,0,18,Northeast,3.5433364108945975
31,11,14,South,3.0033455977354104
31,11,16,Northeast,3.6760382699120804
56,31,14,Northeast,3.791277924970303
48,21,12,Northeast,3.610642972960314
49,23,18,Northeast,3.9629621206810373
24,0,14,Midwest,2.81946452714754
42,15,18,Northeast,3.6465601892717445
52,32,14,South,3.716426403072015
30,7,12,South,2.8009537143147885
25,1,12,South,2.7280925833255787
39,13,16,Midwest,3.5164257877180725
46,24,14,Northeast,3.5553890135935475
55,33,14,Northeast,3.7952501863803243
50,25,12,South,3.346503154398196
61,33,12,West,4.276708815605418
39,15,18,West,3.610127411418632
28,0,12,West,2.382905050486218
61,41,14,South,4.175294777429833
32,7,16,Midwest,3.482747510419597
29,5,14,Midwest,3.2549884446395043
60,39,14,Northeast,4.236759145080292
28,9,16,Midwest,3.631514615206544
64,35,14,Midwest,4.19034527056799
56,31,16,West,3.9860990500098095
60,35,18,West,4.139425443479628
38,18,12,Midwest,3.394527572202689
62,42,14,Midwest,4.271928498599625
51,30,18,South,3.72967499524905
32,11,14,South,2.901462908034669
31,7,16,South,3.2378117006498015
30,3,16,Midwest,3.186684957850261
55,31,12,Northeast,3.9177460533178334
48,26,18,Northeast,3.973270074303455
47,18,12,West,3.5992587375310947
25,4,14,Midwest,2.8827711234131894
39,15,16,Midwest,3.4465490335860505
22,0,12,South,2.6381959583835477
32,8,16,South,3.1611108544888538
58,33,14,Midwest,3.7883401876786156
26,0,12,West,2.8145609344188345
30,3,16,West,3.1864901937936208
23,0,14,West,2.904557133701645
37,13,14,Midwest,3.1583883363832754
31,2,16,Northeast,2.953654508252484
60,39,18,Midwest,4.2763878103070665
28,5,14,South,2.8401523504963797
58,34,16,Northeast,3.988928988277212
53,29,12,Northeast,4.045846384638142
56,35,14,West,3.9775156941738214
32,4,12,South,2.9777931469366443
34,10,16,Midwest,3.1818901657352328
35,13,12,Northeast,2.9486836698414094
44,26,16,Midwest,3.589791226170011
57,31,18,Northeast,4.198462083702958
28,4,18,Northeast,3.0398785398338672
47,28,14,Midwest,3.6226023717129863
51,27,14,West,3.7799465544963393
26,0,18,West,3.6444318771574076
48,25,12,South,3.2502953804198143
42,13,16,South,3.637472035172576
39,21,12,Northeast,3.524168838453471
44,26,18,West,4.067563927198668
58,34,16,South,4.272458368572748
29,6,16,South,3.354391126274127
52,32,16,South,3.7866706496928186
51,24,16,Midwest,3.874249973407685
60,39,12,Northeast,4.237037998358334
28,0,18,Northeast,3.1903994484054676
49,28,16,South,3.6853366741034006
50,23,16,South,3.6015793407160848
48,30,18,South,4.240465301193995
37,18,12,Midwest,2.9736674958648344
31,5,14,West,2.8685894352140977
64,40,14,South,4.1802060606564515
49,26,14,Midwest,3.5555258618068577
37,10,12,West,3.031907408386953
39,21,12,Northeast,3.34984442148181
48,26,18,Midwest,4.28783121939089
24,0,12,West,2.649632734098185
39,21,18,Midwest,3.869847367503795
27,5,12,West,2.7122414791687692
25,0,16,West,2.720886491545464
49,24,12,West,3.3310429887971473
31,12,18,South,3.6466119078447727
33,5,16,South,3.171480209823033
25,1,18,Northeast,3.4330931049982008
57,39,12,South,4.094544632467102
52,28,16,West,3.7414913780790946
33,6,14,West,3.137511538470045
43,22,16,Northeast,3.551345038053899
34,6,14,Northeast,2.9461752046843244
45,20,14,South,3.5425961901799283
41,12,18,West,3.762822858670331
59,40,16,West,3.9154196360883753
42,17,12,West,3.3446736687920535
38,9,16,Northeast,3.204598886889082
52,28,12,Northeast,3.8167080101858724
44,20,14,Northeast,3.6453220453178714
59,32,14,West,4.124369986330069
28,7,12,Northeast,3.271236904181946
56,38,16,West,4.095685761730046
42,22,14,West,3.7064181836380343
27,8,12,Midwest,2.7173921562142516
29,10,14,Northeast,3.1141892832860245
51,25,18,Northeast,4.2155508689679415
37,15,16,West,3.4809355468248495
51,27,18,West,4.0040054990856735
52,25,16,Northeast,4.060072358528725
59,40,14,West,3.9561798984167913
38,12,16,South,3.582915076936037
39,17,14,West,3.631786268040048
63,44,14,South,3.7534425857206144
23,0,14,Northeast,2.622453270955077
27,1,14,Northeast,3.079582657804138
37,9,14,West,3.126470277247405
43,24,14,Midwest,3.8919370013838606
23,0,14,Midwest,2.457807464580097
36,9,14,Northeast,3.1530801646594164
59,40,16,Midwest,4.102802118542094
45,23,12,Northeast,3.1397166685574662
56,35,16,Midwest,3.838511694116535
61,35,12,Midwest,3.7284513668065404
41,17,14,Midwest,3.3674060986209366
64,45,14,Midwest,3.987750609762947
53,29,14,Midwest,3.9280235764022526
41,14,16,Midwest,3.497880593965112
64,39,14,Midwest,3.94943710818677
36,12,14,West,3.165149825930877
31,9,18,West,3.754468784858112
23,0,16,Northeast,3.1500199713882964
59,31,18,Midwest,4.013610253701762
32,3,14,Northeast,3.0887376231158283
35,16,12,West,3.4092564388160485
28,6,14,West,2.777423403722213
41,15,14,Midwest,3.010053087918503
31,13,16,Midwest,3.4207531442302748
60,37,14,Midwest,3.6986131985185215
44,20,18,South,3.857307956384304
38,12,18,Northeast,3.602836628045516
32,14,12,Midwest,3.1634746331214703
63,41,18,South,4.359055702216961
40,16,14,South,3.245965418480398
48,27,14,Midwest,3.354212879038997
40,15,14,South,3.2885968840435624
23,4,12,Northeast,2.961168854546287
35,14,14,Northeast,3.138243130658899
39,21,18,West,3.563676523599266
32,11,16,West,3.4765707734182825
54,35,16,Midwest,3.859705865404797
63,36,14,West,4.072432217128717
36,18,16,Northeast,3.2581473744573097
29,7,16,West,3.1602959266797797
39,15,18,Northeast,3.8384358453719765
25,2,12,South,2.564972870647487
39,18,18,West,3.5892851102163155
33,4,12,West,2.8964995321698503
46,23,16,Northeast,3.5944987400016597
32,4,16,Midwest,3.204917115973101
55,35,18,Midwest,4.023236730434193
33,4,14,Northeast,3.0554371249972654
49,20,16,South,3.6420591606000965
55,37,12,South,3.552998302125766
57,30,16,Midwest,4.064095760296518
54,25,14,West,3.46944006196782
38,19,14,Northeast,3.371858189446403
60,37,16,West,4.477504906724284
32,12,14,Northeast,3.6714461868469637
39,20,14,West,3.501119251890875
64,41,14,South,4.238192783938147
44,24,14,West,3.987778498629675
45,24,16,Northeast,3.4033509278600578
22,0,18,Northeast,3.244262890828296
62,38,16,Midwest,4.290257010453867
58,35,14,Northeast,3.927597189557961
52,26,14,Northeast,4.014074607275866
26,0,16,Midwest,3.3717123141311176
37,8,16,Midwest,3.2301404210678872
55,35,12,South,3.4803461531052027
38,13,12,Northeast,2.970045402467487
58,33,18,Midwest,4.038308743064469
26,8,16,Northeast,3.429983449102535
32,9,18,West,3.2923545233835547
24,2,16,Midwest,3.3085291268695487
51,24,12,Midwest,3.8296041623950603
55,33,16,Midwest,3.9128127053602295
54,33,14,West,4.1080988007563946
61,36,16,Northeast,4.126271239793691
53,29,18,South,3.7836111652425553
29,10,18,West,3.3195202983807492
61,33,16,Midwest,4.08728772491416
31,13,16,West,3.123451447201134
52,28,18,Northeast,4.2261630083783235
30,5,12,West,3.1541080518183753
29,4,18,Northeast,3.2964886253030645
33,11,18,Midwest,3.4203975811994654
33,9,12,South,2.9250436595504956
61,36,14,Northeast,4.1704022876599325
57,28,18,South,4.052641288851768
46,19,16,Midwest,3.697602172987282
28,0,14,South,2.6684259189244957
37,15,16,South,3.6111543895228104
31,2,16,Northeast,3.414218063332026
52,24,16,South,3.5158669176163952
49,25,14,South,3.90225899007456
33,4,14,South,3.001766010455542
31,8,12,Northeast,2.6401678000753144
50,26,12,Midwest,3.767729657310675
26,8,12,South,2.936021435868452
55,30,16,South,4.121242570087205
43,21,12,Northeast,3.706244787192282
54,30,18,Midwest,4.077266473238037
55,34,14,Midwest,3.607922685278478
45,27,16,West,4.03588284374547
56,34,16,South,3.8529090576956078
48,20,14,Midwest,3.43949502380464
24,0,12,South,2.467598174780121
27,3,14,South,3.1722843412805704
46,24,14,Midwest,3.487496169824488
61,40,16,West,4.603033953716734
56,31,12,West,3.8871601400887332
60,36,14,West,4.271391795915273
42,15,12,South,3.1727786208059214
57,28,16,Midwest,3.973399080874221
64,46,12,Midwest,4.343447021359366
52,28,12,South,3.4641198450240083
52,34,14,West,3.797594087004553
64,40,16,South,4.064749538539121
44,16,14,South,3.683349419709179
54,27,12,West,3.308567873462489
29,7,12,Northeast,3.1382884332360064
46,27,16,Northeast,3.808892145031554
36,8,14,South,2.9538739011496964
46,17,16,West,3.4750191868503766
48,27,12,Northeast,3.7352864555630076
41,15,16,South,3.357075988503178
34,14,12,South,3.09616030051091
54,25,18,South,4.238237675704974
52,33,14,Northeast,3.74527960534025
64,39,16,Midwest,4.150873682710055
24,0,16,Northeast,2.8220021189004387
61,34,16,South,4.049574727626536
33,6,12,Midwest,3.2415768157520453
31,6,16,Midwest,3.6454941411126103
26,2,16,Northeast,3.1715066643998653
30,1,16,Midwest,3.0952132243199095
35,15,14,West,3.1484456600145
58,34,14,Northeast,3.6967354904459673
46,24,16,Northeast,3.9313617554926643
61,40,14,West,4.254647059837163
45,18,12,Midwest,3.274941538100892
55,28,16,South,3.8487958302937635
33,4,16,West,3.485738582806428
59,31,14,Midwest,3.9411012632356655
63,41,12,West,3.9771362667042798
37,14,18,West,3.633240659406921
43,17,14,South,3.3844509874328605
54,27,14,Midwest,3.770234102729877
42,15,12,South,3.100017511908885
34,8,16,South,3.4563700029032693
24,0,12,Northeast,2.948332456142273
29,2,16,Midwest,3.19118601713488
46,21,12,Northeast,3.0723647558801965
55,30,16,Northeast,4.247479990305129
48,27,14,Midwest,3.7008511381866644
64,41,12,West,4.209707891591819
27,0,14,Midwest,3.141817475440298
47,19,14,West,3.6392164962185425
49,20,12,South,3.4259181295351095
56,29,12,Midwest,3.678720676599417
23,0,14,South,3.0912454373997775
42,13,16,Midwest,3.2749403881230097
49,28,18,West,4.498209545918303
40,16,14,Northeast,3.5011260770421977
50,28,16,Northeast,4.073242434030939
31,10,18,West,3.489666440464209
31,6,12,Northeast,2.8631291938235224
46,22,14,Northeast,3.6454750736727566
49,31,18,West,4.114213837667795
56,31,16,South,3.939290027813949
54,31,14,West,4.0374531043221955
27,7,12,Northeast,2.9544582823857857
40,21,16,South,3.4500666109129847
35,12,12,South,3.167964281672846
34,14,14,West,3.000811940298423
43,24,12,South,3.311547375159843
24,0,14,Northeast,2.974145906371957
28,0,14,Northeast,2.991127148435794
29,1,16,Midwest,3.0478827659454386
46,18,14,Northeast,3.6605836272704235
41,21,16,Northeast,3.6621462154638817
43,19,14,Midwest,3.628816331348734
34,14,12,West,3.39411081541674
24,0,18,Northeast,3.0261911655958964
52,32,16,South,3.6858985697998254
44,16,12,Midwest,3.0674055035056442
44,15,14,Midwest,3.39121116617992
22,4,16,Midwest,2.7926177452695864
62,33,18,West,4.389678842158067
42,22,14,Northeast,3.5483299767829717
30,6,14,Midwest,2.8650973302604474
50,27,16,South,3.531734961510759
30,2,14,South,2.7198682333153243
45,25,18,Midwest,4.05361815808211
42,24,16,South,3.6922975671763574
28,3,16,Midwest,3.33558877246827
41,19,16,Northeast,3.9474720637189997
38,9,14,West,3.1330003844818175
64,35,12,Midwest,3.8258526855605806
37,18,16,Midwest,3.744478092166532
59,38,16,South,4.013115020088471
26,6,16,Northeast,3.3839248906905115
32,6,14,Northeast,3.0735506411829734
29,6,14,Northeast,3.1838968792903315
32,9,16,South,3.165543703407398
59,40,14,Northeast,3.921028658696823
54,30,12,West,3.805045436286539
64,40,14,West,4.336287281999643
24,0,14,West,2.7957537570261746
44,15,16,Northeast,3.7643181840746016
32,5,18,Northeast,3.6389893666611646
22,0,14,West,3.1664018625551984
30,9,18,Northeast,3.816571992336545
30,5,14,South,2.9844957324954784
33,11,14,West,3.418742211440917
40,11,12,Midwest,2.945802297331553
60,39,14,West,4.089454009523245
24,3,16,West,3.1582038725739343
39,16,16,South,3.2615111821971747
40,15,18,Northeast,3.61520572734896
52,26,18,Northeast,4.130289644065356
22,1,12,West,3.0355861518069753
45,22,16,Midwest,3.677249138351413
61,38,16,South,4.008530200604147
46,21,16,South,3.371406225683533
48,21,14,South,3.5833743103069597
58,37,16,West,3.808391451148624
46,25,14,South,3.2742613270721845
31,10,18,Northeast,3.5872205820559104
30,7,14,South,2.8676761893838165
48,30,18,Northeast,4.11103856478558
47,19,16,West,3.640943945664633
49,22,16,Midwest,3.6436744685041256
29,3,14,South,2.836258291095708
42,21,18,South,3.9437245465311666
58,36,16,West,4.0915417307616115
42,18,16,Midwest,3.6666131940913873
63,44,16,Midwest,4.506244924370997
26,0,14,Northeast,3.245115623161188
37,16,12,South,3.4182482165861914
36,15,12,South,3.0950119656348285
60,34,16,Northeast,4.182362669283758
46,21,12,Northeast,3.5099582690887203
60,33,14,Northeast,4.292656242006644
35,6,16,West,3.5902979638231587
47,25,12,Northeast,3.319086246913244
60,39,12,West,3.6757882565726945
51,29,16,South,3.7443283986138867
23,1,16,West,2.92036759299889
35,14,16,West,3.2695803075063106
24,0,16,Midwest,2.500966328073478
49,26,12,South,3.597639126975263
57,38,12,South,3.6925798846128
37,12,16,Northeast,3.0551455210717773
25,0,16,Northeast,3.2434719403185612
52,26,12,Midwest,3.1278689503193395
56,34,14,West,3.7883418024582305
58,29,12,South,3.8313131961630558
38,14,12,Midwest,3.3696451635741407
42,21,14,Midwest,3.415977083189936
24,6,14,West,2.902470819798161
33,5,14,Midwest,3.1552393994431056
23,0,14,Midwest,3.0117752102668227
55,37,14,West,4.138826274323753
49,28,16,Northeast,4.209901512458006
27,5,18,Northeast,3.32660629667913
29,10,18,Northeast,3.555929683266295
35,10,18,West,3.280800258060426
60,34,18,Midwest,4.40742204147618
47,29,14,South,3.5553210287604635
25,6,16,South,3.115449003953871
45,23,16,Midwest,3.7830179921323985
23,3,16,West,3.310459161998652
38,14,12,Northeast,3.6738861688913884
55,31,14,West,3.75212461312963
25,3,12,West,2.5772131438623864
29,4,12,Northeast,3.0061691999253854
64,39,14,Northeast,4.040554243621604
60,34,16,South,4.2817078904629104
35,12,14,Midwest,3.515925431089274
43,18,16,South,3.3719222048856414
39,16,16,South,3.3837153659755357
48,19,16,West,3.635741988821796
25,2,16,Midwest,2.555076838030369
63,35,16,Midwest,4.281388937337733
54,34,16,Northeast,4.236517520457288
41,16,12,Midwest,3.7087268535072884
63,44,16,West,4.1440314107208405
55,35,16,Midwest,4.209585761605362
32,12,14,Midwest,3.274658248096523
40,21,14,West,3.107630600863457
35,13,16,West,3.7258061089175967
26,6,12,Midwest,3.16847258718553
22,0,14,West,2.656752734204163
45,25,12,Northeast,3.4911422781743484
35,9,14,West,3.0998154541504244
24,0,14,South,2.8784705667296895
25,5,16,Northeast,3.0185667986120293
37,14,12,South,2.539160136600444
63,44,14,South,3.929523564047038
62,33,16,West,4.1793256489305115
60,31,12,Midwest,3.5780689379429202
40,13,18,West,3.4020152563000594
22,0,18,Midwest,3.4967085045823096
64,44,12,Midwest,3.8179014642804123
44,22,18,Northeast,3.6166097800717893
28,5,18,West,3.135625280647104
24,6,16,Midwest,3.5583853177248366
30,11,12,Midwest,3.225498583806145
32,10,16,West,3.3927213859921705
61,38,14,South,3.8514225369220987
50,28,16,West,3.6977172136678473
35,7,16,Northeast,3.7831097261852227
25,0,12,West,3.130849291330767
45,23,14,Midwest,3.666354024981361
29,0,12,West,3.1385482597401273
42,18,14,Northeast,3.438508781298128
30,8,14,Midwest,2.978056860607853
41,13,12,Northeast,3.0563414218369176
52,25,18,West,4.041158051552223
62,35,14,Northeast,3.997034347013871
44,20,16,Midwest,4.235320195165335
49,20,18,Midwest,3.8648476377993393
25,3,18,Midwest,3.370448361667979
60,42,16,West,4.091919136337163
22,4,14,Midwest,3.1689746810069916
32,3,16,West,3.3832475606093277
51,24,14,Midwest,3.8526989048925566
46,20,12,West,3.2759905561585705
41,13,12,West,3.2835199631516523
54,36,12,South,3.617259945167013
32,5,12,Midwest,2.8965137377133265
23,1,16,Midwest,3.4837514078203204
36,14,18,West,3.7067099696850496
39,13,16,South,3.3644020915495005
36,18,18,Midwest,3.621321605055937
54,36,16,Midwest,4.174176626292171
55,30,16,South,4.08572079434188
51,22,14,South,3.7081468990250874
31,9,18,South,3.0954891945110328
41,14,18,South,3.328634336310231
38,11,16,West,3.9772711857910976
59,36,16,West,3.6577694227152886
37,12,12,Midwest,3.525836344186636
48,21,14,Midwest,3.587877933797976
24,0,12,South,2.9931492221056923
28,2,16,Northeast,3.0877660352868963
41,15,14,West,3.77890813124474
36,12,18,Northeast,3.6757969709615286
44,17,16,Midwest,3.62498505441486
22,0,12,South,2.2738819806087456
25,0,14,Midwest,2.9475570724305524
36,11,14,Northeast,3.164644976005501
30,12,14,Northeast,3.2474699605924835
62,36,14,West,4.133511205130403
55,35,14,Northeast,3.8191348884435916
36,9,16,West,3.327737290788446
54,31,12,South,3.3904855888880885
49,27,14,Midwest,3.580129427957762
53,29,16,South,3.8448492377832166
41,23,14,Midwest,3.189287830529088
46,19,16,South,3.1210358986102626
50,31,14,Midwest,3.622872481339621
44,22,14,South,3.620678932253625
60,37,16,South,3.9908070547048973
51,32,14,Northeast,3.7897108269117927
38,9,16,Midwest,3.449063196978273
43,24,16,Midwest,3.67346761184608
53,28,12,West,3.39867862192171
26,0,12,South,2.769410620709886
44,25,16,Northeast,3.7289793499540833
55,32,16,Midwest,4.121565538122957
55,26,12,West,3.5846262614981996
64,36,14,South,3.921543834769275
50,28,16,Northeast,3.90980220375125
61,42,16,Midwest,4.31511478255992
24,5,12,Midwest,2.959958865324506
42,17,12,Northeast,3.49368524420656
62,37,12,Midwest,3.911190284151052
45,27,16,South,3.519162775311028
39,14,18,South,3.5583349217001636
51,28,16,Midwest,3.9930168398943406
43,22,16,West,3.7591572353871285
31,11,14,Northeast,3.3185403420917807
44,15,14,West,3.0718710350034986
33,6,16,Northeast,3.2190232445897045
26,3,12,South,2.380967891085385
31,9,14,Midwest,3.6350051139019413
42,23,12,Midwest,3.5201839693683965
29,0,14,Midwest,3.1569160617083964
28,2,12,Midwest,2.9562441495491063
46,23,16,West,3.436739913727688
35,12,16,Midwest,3.4735798817350982
40,22,18,Northeast,3.7986555256270464
27,0,16,West,2.8638444639404255
39,19,14,South,3.215866816699155
45,17,16,Northeast,4.005894257287892
34,10,16,Midwest,3.2803914214082193
39,12,16,Northeast,3.4950371895340893
23,2,18,Northeast,3.463806628205122
50,26,12,South,3.6110511092143027
22,0,12,South,2.7908057559281048
62,36,16,Midwest,4.141821641540244
49,26,12,Midwest,3.942582157436126
31,8,18,Northeast,3.4863910328464054
50,27,16,Midwest,3.708706883626208
31,11,14,Northeast,3.166122278163208
49,30,14,South,3.7670698083302367
32,9,16,West,3.4485727319045756
24,0,14,West,2.836933682036133
26,7,18,Northeast,3.438148730530213
35,13,14,Midwest,3.2222039218446623
60,37,14,Northeast,3.7243691017909946
44,15,16,South,3.1934175701997956
35,11,14,Midwest,3.6732684540463545
39,11,12,West,3.4275203715876144
30,9,12,West,2.9159144619990056
36,15,16,South,3.3238306155797774
62,44,16,Midwest,4.427559322948656
63,39,14,Northeast,4.351596930357748
35,7,16,Midwest,3.3560898321783
38,17,14,Northeast,3.42536037031698
31,12,16,Midwest,2.9612282547293867
56,33,12,South,3.6469101654635785
37,12,14,Midwest,3.5839982112499533
42,16,18,South,3.677291271048329
55,26,18,Northeast,4.077786016817508
57,35,12,West,4.176686352707518
28,1,16,Northeast,3.4276514158841236
31,4,14,South,2.648656721109587
58,33,16,South,4.001258775240466
24,0,18,Northeast,3.174718205352456
38,19,14,South,3.5753987426120437
38,12,18,Midwest,3.257931206123551
37,10,12,West,3.195958390360241
56,33,12,Midwest,3.425228082770455
33,9,12,Midwest,3.027679345883406
45,26,16,Midwest,3.864714635575159
31,7,16,West,3.214512360679879
42,23,18,Midwest,3.8426930356507367
38,13,14,West,3.5407874432505038
61,33,12,Northeast,3.884397951106938
34,11,16,South,3.073377316152782
42,16,12,South,2.955326291525311
39,14,16,Midwest,3.386814398631304
57,34,14,Midwest,4.065762259673289
24,0,14,West,2.8829391332722345
26,3,12,West,2.72940536170769
31,8,14,West,3.142969236950374
54,26,14,Midwest,3.8103933019638316
38,11,12,Midwest,3.0109930664295232
29,1,12,Northeast,2.9490556931821654
33,15,16,Northeast,3.713863849037321
38,19,14,Midwest,3.663273953496335
34,14,16,Midwest,3.5021791286195447
57,29,18,West,4.22190029413566
56,33,18,Northeast,3.955631582114998
37,16,16,Midwest,3.5915919224549993
51,26,16,Northeast,4.080646759295378
24,6,14,South,2.880606684058086
32,10,16,Northeast,3.5396343469166047
33,8,12,South,3.2068437123133444
38,20,14,Northeast,3.110511160602713
52,33,16,Midwest,4.2528795225230365
61,39,18,South,4.351193267147282
43,15,16,South,3.5595402909205895
39,16,18,South,3.5464488068559277
39,11,12,South,3.2507587188025737
57,37,12,Midwest,3.8124262847602717
62,36,16,Northeast,4.1409785282856975
54,27,16,South,3.9425335540314546
50,31,12,Midwest,3.2505030677864584
33,10,16,Northeast,3.364767643781628
35,14,16,South,3.067325179987713
50,27,16,South,3.4119147833308556
56,32,12,Midwest,3.9441600245692388
34,13,16,Midwest,3.176337508617408
56,38,18,South,4.418570630568908
50,24,16,South,3.7878549671189816
34,10,16,Northeast,3.1507181612312825
22,3,12,Midwest,2.5213574391902696
48,20,14,West,3.8089574879957118
27,0,14,Northeast,3.142447866464456
57,37,14,West,4.108344225781046
39,20,16,South,3.6856339627143444
45,24,18,Midwest,4.035117423384742
37,14,16,West,3.649700534989835
44,17,16,South,3.582710193279552
35,16,16,Midwest,3.314243413036487
58,39,12,South,3.627193944956717
31,12,12,Northeast,3.401233136766818
47,18,12,South,3.378917068933452
24,0,14,Northeast,3.078291256327435
59,30,18,West,4.191291864471632
44,17,14,Northeast,3.564213689283756
56,27,16,Midwest,4.018130469457161
25,1,12,Midwest,2.6833624623726786
52,29,12,South,3.6730873379396685
24,5,14,West,2.8026677746921362
52,30,12,Midwest,3.2929834197234418
34,12,14,West,3.014986293051502
36,7,14,South,3.2668731102890023
55,35,12,West,3.8412460928707612
54,36,12,South,3.6619879849463093
24,0,18,South,2.929141771685553
39,11,12,Midwest,3.334649716147559
30,8,16,Northeast,2.8739176821498273
46,21,12,West,3.447650620924278
45,24,16,Northeast,3.964764662662058
31,4,16,West,3.4603170555417067
25,0,14,West,2.9039868532359665
37,17,16,West,3.585500228511894
40,14,18,Northeast,3.602394942470152
53,35,18,Midwest,4.138678735297036
44,16,14,West,3.4152602108349557
56,33,12,Northeast,3.7291287133870505
53,30,12,West,3.450033896144035
50,21,14,Midwest,3.3619385571181604
39,21,12,West,3.1756567285372594
61,39,18,West,4.132708315562665
41,12,18,Midwest,3.831187940735406
45,27,14,Midwest,3.868436333214592
32,7,18,Northeast,3.160535499353124
26,5,12,Northeast,2.617231787151798
58,29,12,South,3.811160598802193
62,40,14,Midwest,4.100514589836315
63,36,14,South,4.211358679732155
39,12,18,South,3.497910248477834
37,18,14,Midwest,3.210572264665737
52,26,14,Northeast,3.733923080366659
57,35,12,Northeast,4.1575692400894555
27,0,16,Northeast,3.0346343459958494
28,10,14,Midwest,3.72252884162648
49,21,16,Midwest,3.698179036379964
56,32,16,Northeast,3.729772404480674
41,19,14,Northeast,3.556929618757368
51,31,18,West,4.205540504940329
25,0,12,South,2.474671876126687
26,6,18,South,3.0579275843308866
34,16,16,South,3.3299138880764096
43,18,14,Midwest,3.3594137475088846
43,22,16,West,3.723551638966076
42,22,16,South,3.501364973318261
47,23,16,South,3.5717680085334544
57,39,12,South,3.7247829936565933
37,14,16,Midwest,3.4241444834752466
22,3,14,Midwest,2.6379181670648126
23,0,14,West,2.855384213336662
42,23,14,West,3.525234943279487
49,28,12,Midwest,3.669496487238742
33,13,16,South,3.33179437887068
54,26,18,Midwest,3.6757526348346405
47,26,16,Northeast,3.8373289290566786
26,4,16,South,3.0513927181068197
34,10,14,Midwest,3.162210195182971
29,6,14,West,3.1978752465597724
57,28,16,Midwest,3.830481941399812
43,25,14,Midwest,3.2970205270060435
22,0,12,West,2.7104671171084918
39,14,14,West,3.1820085457943317
57,39,18,Northeast,4.266244403107769
61,38,16,South,3.8806750558704364
27,8,14,West,3.0717377108950474
44,25,12,Midwest,3.683279555908003
29,7,12,Northeast,2.986848285748197
50,23,12,South,3.2504754477053592
46,19,14,South,3.4984237267837295
31,3,16,West,2.9611284581118618
46,26,16,South,3.717918153395497
22,2,12,Midwest,3.1263592413162073
25,5,16,Midwest,3.02849484696036
49,23,12,Midwest,3.2626142345670743
28,6,14,West,3.0577534872655185
36,8,18,Northeast,3.273668830095553
49,26,14,West,3.667568485506195
35,14,18,Northeast,3.674513571989466
55,33,16,South,3.8538069623327393
44,25,14,Midwest,4.02501015732187
37,12,14,West,3.51049730141921
44,15,14,South,3.3336602133945457
49,20,14,Northeast,3.369208362189534
55,33,14,Northeast,3.788937640396629
60,37,12,West,3.333932948858692
40,13,18,Northeast,3.5832899905730478
64,41,12,Northeast,4.246989479833259
36,12,14,South,3.2204688468182274
27,6,12,South,3.283288579406902
52,31,14,Northeast,3.996590996298651
23,5,18,West,3.365710233879376
44,26,12,Northeast,3.71867080212694
62,44,14,Midwest,4.015306088712987
35,16,16,South,3.368582654845333
51,30,16,South,4.091577304221479
42,14,16,West,3.5977653909208613
51,29,12,Midwest,3.306841891371872
57,35,14,Northeast,3.9039633389219603
58,37,16,South,3.8686596216967724
27,3,16,West,3.0545017867454254
39,10,16,Northeast,3.6858055567188943
23,3,16,Northeast,2.9920971481948433
55,36,12,Northeast,4.009075795718029
46,27,16,South,3.8983401826457325
31,12,16,West,3.2688696350956508
57,39,18,Northeast,3.937876206088659
50,28,12,Northeast,3.5843607695000506
40,17,16,West,3.3514613744381636
61,39,18,West,4.438766757927278
22,1,16,Midwest,2.793775652602332
59,33,12,Northeast,3.966381653127655
46,21,16,Midwest,3.812878643236007
53,31,14,Midwest,3.7955369414671427
24,2,16,West,3.592492835102347
54,28,14,West,3.963952942151638
26,4,14,South,2.848773352731322
34,15,18,Midwest,3.73798277759596
26,0,14,South,2.7950942618035475
55,28,16,West,4.110694215285316
24,4,18,Northeast,3.2644065179273576
53,35,18,Northeast,4.480714048953386
22,0,14,Northeast,2.7156594267304355
60,32,14,Northeast,3.63430620372519
52,24,16,West,3.2633968138663376
49,21,14,West,3.417521015026795
29,7,18,South,3.0555916533051555
29,1,14,Midwest,2.7522586838617755
53,30,16,Midwest,3.839565173077711
26,7,18,Northeast,3.51116934722689
30,9,14,Northeast,3.1874669273411995
37,11,18,South,3.397602017186119
40,15,16,Northeast,3.5184457443463315
62,34,12,West,3.7874784114820796
46,27,12,Northeast,3.688680177209715
24,0,16,Midwest,3.2041871793465075
27,0,16,Midwest,3.5380806667178333
46,18,12,West,3.4461134166402063
45,19,12,Northeast,3.829425169186571
24,1,14,South,2.7465008191704077
60,35,12,Northeast,3.83912472540914
48,22,16,South,3.752788880425019
63,35,16,West,4.203686849015504
53,24,12,West,3.2210399143872555
61,32,16,South,4.172234706048757
41,20,14,West,3.289725335308627
30,12,16,West,3.158697378828872
33,14,16,West,3.8239531624165695
31,2,14,South,2.4546009622872593
48,29,12,Midwest,3.1928078521724346
58,30,14,Northeast,3.897466875669059
45,20,14,Northeast,3.1036971662733586
30,7,16,Midwest,3.3702868004172926
