wage,years_exp,edu,gender,industry
24.772704112987938,0,14,1,health
48.98727570191058,20,12,1,retail
49.109845818360014,17,16,0,public
32.816115166550276,1,18,1,public
56.51413296378402,27,14,1,retail
25.70796302760142,6,14,1,retail
25.26554729233689,7,12,1,public
24.297144707868778,5,12,0,retail
36.08713420594121,10,12,0,health
43.29580753072885,5,16,1,tech
39.97508358944007,10,14,1,tech
63.20307654753834,24,18,1,health
38.93392610292876,13,14,0,tech
58.31132426535538,27,16,1,retail
49.70339812098179,13,16,1,health
29.368882861620786,8,14,0,retail
45.3733420147241,23,14,0,retail
54.13854410255026,24,14,1,health
57.22083829818797,25,18,1,retail
57.03034950868037,26,12,1,health
40.032275381646976,0,18,1,tech
44.566398174627885,15,14,0,health
27.5665587776736,8,16,0,retail
30.849476382412924,7,14,1,retail
30.952832791008873,7,14,1,retail
60.34989187191795,24,16,0,public
51.77037855207271,23,18,0,retail
28.116783794392333,6,14,0,retail
46.659963437801586,12,16,1,tech
51.228924154770546,22,14,0,health
26.262912255772875,4,14,1,retail
49.87684469258515,18,18,1,retail
50.618098564561436,13,18,0,tech
67.81925682581361,27,18,1,health
59.20562123919346,22,18,1,health
41.49406458185469,6,18,1,public
60.45916043605486,25,16,1,public
50.82576735058348,23,14,0,public
30.511559847777743,6,14,1,retail
46.96907868816375,15,14,0,tech
52.012673790037404,23,14,0,retail
30.740803587605043,6,16,1,retail
36.3304933667415,7,18,0,public
32.72153911652218,4,16,1,public
24.204704351652936,0,16,0,public
36.76896400202055,14,14,0,retail
25.763772742910962,0,16,0,health
42.21849082130349,17,16,1,public
39.051822252053256,12,16,1,retail
27.142831485893087,5,16,1,public
43.20599283336617,10,14,1,health
18.754352641848445,0,12,1,public
30.879749406434712,4,16,1,health
36.695582894371995,14,16,0,health
33.138546569346715,2,16,1,public
43.10975880462981,21,12,0,public
26.35413210051768,7,16,0,retail
53.9429425334243,27,14,1,retail
25.08659125378713,5,12,0,health
45.081663153608766,18,14,1,public
37.47162378595303,15,12,0,health
53.434429583957076,27,14,0,retail
41.5583402245568,18,14,0,retail
59.72030504356956,25,18,1,health
44.135493656267,13,16,0,public
37.13845918951621,6,16,1,health
26.91153569042582,5,12,1,health
53.04431351335768,25,14,0,health
29.193465965580298,6,14,0,public
53.292977163036255,21,18,1,public
47.97217093280416,15,18,0,health
40.356705584249276,8,18,0,health
42.40048331659306,12,16,0,health
61.016739170956235,23,16,1,public
45.183671017877195,13,16,0,tech
63.926086477687264,25,16,1,tech
62.69717617613545,28,16,1,public
37.263403112099425,8,14,1,tech
48.958351190997554,15,16,1,health
38.211771616906205,15,12,1,health
44.81201233069343,16,14,0,retail
30.777138201744716,2,14,1,public
33.51269547334577,11,14,0,retail
46.17853657850205,17,14,1,health
57.47607442096147,27,14,1,health
38.78635515721808,7,18,0,public
33.258759294188124,19,12,0,retail
51.47595777168289,22,14,1,health
54.31762104519928,27,14,0,health
43.097348412442436,5,18,1,tech
57.199377530888974,20,16,1,tech
33.64317792529448,9,16,0,public
54.261652571747334,13,18,1,tech
28.745340616111978,0,16,0,retail
53.35485251479318,21,16,1,retail
23.648076926501307,0,14,0,health
38.806555679197984,11,16,0,public
41.85886113415589,14,14,1,public
47.66970908487044,20,16,0,health
34.47640213656426,14,14,0,retail
52.13942699280941,25,12,1,health
31.561113681064576,3,14,1,health
34.70179613758848,7,16,0,public
39.63453926920572,7,18,1,retail
30.5780255103964,11,14,1,health
34.29867832759128,0,16,1,tech
42.417948906574644,12,16,0,health
40.97039291385483,11,14,1,public
58.95855214752293,17,18,0,tech
50.73063186910196,17,16,1,tech
37.59404233663146,8,16,1,public
31.754619810075642,12,12,1,public
40.40126687322479,15,16,0,public
56.383330638524825,25,16,0,retail
26.79620138268729,2,16,0,retail
52.299067447965825,18,16,1,public
22.653325021176133,2,16,0,retail
38.081638909921026,7,16,1,health
35.04723963054754,13,14,0,public
47.013129034466296,24,12,1,health
39.446444664016944,10,16,1,tech
43.79523647696011,14,16,0,retail
41.630967797712444,17,16,0,retail
39.44195217251598,22,12,0,retail
47.39774930978004,11,16,1,tech
35.927015505071125,16,12,0,retail
59.16571268563148,25,14,1,tech
40.49265958383636,13,16,1,public
63.84185665319935,28,14,1,public
45.166360841291926,11,14,1,tech
50.949178865002985,12,18,1,retail
15.58565925404288,0,14,0,retail
43.2674292647436,15,14,0,tech
32.82506991551363,14,12,0,health
37.92527500842343,12,16,0,health
56.04005196647745,18,16,1,tech
46.9336281434793,16,14,1,health
64.85557623731044,28,16,0,tech
36.85481100886483,12,12,0,retail
41.69884780727104,13,12,0,tech
49.87340096891943,24,16,0,retail
34.069558033198746,14,12,0,retail
41.680983956884795,7,18,1,public
44.42130890734276,15,16,0,retail
44.55924695956466,15,14,1,public
45.503186824605024,12,14,0,tech
43.30528252741479,15,12,0,tech
54.81356612888816,17,16,1,health
66.90780329453997,29,18,0,health
27.497175113467996,2,16,0,tech
59.306398054317526,27,16,0,retail
34.29354498115307,14,14,0,retail
35.28601469594486,11,14,1,public
45.199766200281786,18,12,1,tech
27.640486059181267,3,16,0,public
60.35980463067186,22,16,1,tech
30.70052080739818,2,16,0,public
36.307284899259685,12,12,1,retail
25.539085228161408,6,12,0,retail
33.63924037245594,9,14,0,health
51.09739779023311,14,16,1,health
24.584164280329116,0,16,0,public
62.77556813890638,26,16,0,tech
38.00227185175467,22,12,0,retail
48.983989704915246,28,14,0,retail
18.81335865788556,2,12,0,public
30.902680449539442,5,14,0,health
46.794260452238966,14,16,1,public
47.34210736097167,25,16,0,health
38.49824009349272,9,16,0,public
35.950510724077816,8,14,1,tech
59.339206902101616,25,12,1,tech
28.603048739417048,0,16,0,public
58.829397816581356,28,16,1,public
26.944945255034945,5,12,1,retail
35.89986784557113,9,16,0,retail
32.156700975928,9,16,1,retail
67.27200242688802,26,18,1,tech
44.30994747122056,24,12,0,health
34.795652195150396,10,14,1,retail
39.390743096614116,10,14,0,tech
44.600469744386466,24,12,0,retail
32.8372278274543,8,12,1,public
57.928409140025124,23,16,1,public
53.55317998701947,24,14,0,health
41.80429017926185,19,14,0,public
46.68934866718659,22,12,0,tech
40.906953690415655,6,18,1,health
39.741684778861725,16,16,0,health
34.94601769039609,4,14,1,health
23.525223267462792,1,16,1,public
41.84636031720301,12,16,0,retail
27.352586780817603,8,14,0,public
30.379270044535566,4,16,0,tech
47.341998069286106,15,16,1,public
63.84018587006534,26,16,1,health
34.20263682081875,7,14,0,tech
32.88976449790845,5,16,1,retail
50.54236067006916,26,14,0,health
27.31098247045922,0,16,0,health
38.9722556503687,17,14,0,public
37.749318220894075,16,12,0,health
39.68990627284695,14,14,1,retail
39.241850832124875,12,12,0,tech
30.255164668205452,0,16,1,retail
53.15162538856037,25,14,0,public
31.520237760838516,2,14,1,tech
23.568807658643266,4,14,1,public
59.300084878641805,26,14,1,public
41.01609978557667,10,18,1,retail
47.074415685389766,13,18,0,tech
48.323424732734466,19,16,1,retail
44.694011666781904,16,18,0,retail
55.698734338170325,27,14,1,retail
48.926985155678196,28,12,0,public
32.89217715404277,7,14,0,public
41.19385508707954,22,12,0,health
47.06245946633581,20,12,1,tech
31.534351954722215,7,18,0,health
30.1585012170919,4,12,1,tech
59.69512906084105,24,14,0,tech
46.532850589520486,22,12,0,tech
39.58909980817699,11,16,1,public
30.98107402681358,8,14,0,health
45.733922783469836,20,12,0,health
31.393426403579213,7,14,0,retail
32.522494681442545,13,12,0,tech
42.19457424265469,6,18,0,tech
49.59087087932032,18,14,1,retail
29.790842777575335,11,12,0,health
51.09923263492692,19,16,0,tech
31.4412723702407,9,16,0,retail
49.65068744848107,18,16,0,tech
39.737603167638646,18,14,0,health
46.602358570639396,13,16,0,tech
37.98351411776931,16,14,0,public
31.414286199417145,5,16,0,public
50.80356411987554,22,14,0,tech
52.29816970674073,21,14,1,tech
38.22767249527348,8,14,1,retail
41.011295215517755,12,18,0,public
52.236636473903026,28,14,0,retail
27.200465431922076,3,16,0,public
44.636530658738586,16,16,0,retail
42.27187696245637,15,16,1,retail
56.98987625814587,20,16,1,health
50.19390843418664,13,18,1,public
48.97754135760091,20,16,0,retail
33.992608540187646,3,16,1,tech
35.647733753138304,4,16,1,tech
32.90903944450207,15,14,1,retail
18.169626178697442,4,12,0,public
34.11454601066713,0,16,0,tech
36.42916272666546,13,12,1,public
57.414116450382636,21,16,0,health
41.89010165544257,15,14,0,health
52.23800324332956,26,12,0,tech
36.26411030168476,8,16,1,retail
38.72006351359779,13,14,0,health
25.647373853262295,5,12,1,tech
34.9758136518102,7,14,1,health
44.7119766794188,15,14,1,public
48.60855152325465,18,16,0,public
50.879590818257924,19,18,0,health
28.69661862234187,7,14,0,retail
36.8989616319964,6,16,0,tech
43.9894309409482,12,16,1,retail
26.159836564192577,6,14,0,retail
36.888888178657005,6,16,1,public
57.61386658351795,28,16,1,health
35.296817407467046,10,12,1,tech
62.32011316014038,21,18,1,health
24.09200303578593,9,12,0,retail
24.95538327518051,1,12,1,public
27.60003824792823,1,16,1,public
54.581421019655494,29,14,1,tech
38.0687763549265,10,16,0,retail
16.755432909007435,0,14,0,retail
41.33051917186784,11,16,1,retail
36.08163584501331,7,14,1,public
46.821075507665626,20,12,0,tech
55.18666089484776,27,14,1,retail
54.403729593802424,26,12,0,tech
32.14868870302433,2,18,1,public
38.34669090020494,0,16,1,tech
63.159558954046396,25,14,1,health
30.748511911474196,5,14,0,public
31.37056483720113,4,16,0,tech
61.49906675152669,28,16,0,health
26.033941530099447,5,14,1,public
57.73464945492531,25,18,1,retail
50.75755635799334,23,14,1,public
37.83618712305674,6,16,0,tech
49.7109716855237,26,12,0,health
50.01712508347201,18,16,0,health
40.81824734350608,13,14,1,retail
40.352713348724805,14,12,0,tech
27.984566609109358,1,14,1,health
61.05541663854947,26,16,1,health
49.64092745284156,9,16,1,tech
36.815436201763106,8,14,0,tech
32.811320784462794,0,16,1,health
32.97153104168456,7,16,0,health
28.755757767549465,10,12,1,public
32.824204084320904,1,16,1,health
48.7922840283938,19,16,0,public
28.46775201430328,4,12,1,public
28.027274962873772,7,14,0,public
38.679447819093994,14,14,1,public
50.260494564787045,19,16,0,public
38.96370728658081,5,14,1,tech
48.64555751675018,27,14,0,public
44.80254973272843,15,12,0,tech
32.883166737556614,13,14,1,retail
54.47445216214729,22,16,0,retail
26.1602658049124,6,14,1,public
33.41817696185642,8,16,0,public
51.436326288682125,27,14,0,retail
52.694514888578205,21,16,0,health
60.10430089223273,28,16,1,health
38.29848226794193,18,14,0,health
31.997726700601323,4,16,0,tech
51.16906015796682,22,12,0,tech
47.246422947558045,26,12,0,retail
36.9347146291544,3,16,1,tech
27.388265153830464,8,12,0,health
48.76240561007154,23,14,0,public
29.89161465743043,3,14,1,public
65.10143666436811,29,16,0,public
31.761720590120763,3,14,1,tech
23.116460492149763,0,14,1,public
50.11621876323668,22,16,0,public
24.490180220490316,0,14,0,public
31.840136506107097,2,16,0,health
54.02465277252963,20,16,1,tech
56.802583052043445,22,16,1,public
54.37658708407833,26,14,1,public
36.57446928761008,7,16,1,health
44.63756219605698,24,12,0,retail
45.32707889166817,12,16,0,tech
47.710132762193105,23,12,0,tech
30.256416350586964,4,16,1,public
63.0327686060446,21,18,1,public
55.328291041575646,19,18,1,public
42.74709158945328,12,16,0,health
42.00829705511222,13,16,0,public
32.05004823559894,5,14,1,health
31.91558897789984,11,14,0,public
55.1164661792088,18,16,1,health
51.72725865045566,24,12,1,retail
52.15284900835973,17,14,1,tech
38.06972884370033,13,12,1,tech
47.068201257592776,21,14,0,retail
47.85040092683917,20,12,1,health
54.78706183028161,28,14,0,retail
54.0293320494518,23,16,0,tech
42.40992709274062,2,18,1,tech
52.29850553961218,18,16,0,health
53.60346887416008,21,18,0,public
61.0373521002801,28,14,1,health
53.95970970525352,22,16,1,public
50.3744416559568,16,14,1,tech
26.01832180596606,1,16,1,retail
33.29380764719556,6,12,1,tech
60.92166684355015,22,16,1,health
42.47789177353095,16,14,1,public
48.57595996373532,20,14,0,health
36.64944852689418,7,18,0,public
47.25395751341171,23,14,0,retail
35.10919821570186,2,18,1,health
64.34824508275568,29,16,1,tech
52.978825539026715,22,16,1,tech
52.652455741821754,20,12,1,tech
31.423405113158182,7,12,1,public
51.333234731914075,23,14,1,retail
38.484254606004896,9,14,1,health
54.65074668084026,25,16,0,retail
61.77549503935372,29,16,1,retail
48.53014174422647,25,12,0,health
40.294848902674325,12,14,0,health
53.19932854429446,27,12,0,tech
32.60229484165478,13,14,0,public
59.66762817916084,24,18,0,health
65.19480380737687,27,14,1,health
34.92049282361622,11,12,0,health
58.46441385531547,23,16,0,tech
54.33336016625897,29,12,1,public
64.0494378584725,25,18,1,health
36.3723336871069,6,16,1,retail
40.39044549398807,14,16,0,public
40.14922172477778,13,16,0,retail
33.84833776921333,6,14,1,tech
27.024867684367642,6,12,1,public
23.793164280998862,1,14,0,health
39.78084885832762,20,12,0,public
25.371029818015895,2,16,0,public
32.629303668989266,3,14,1,public
31.82146790986293,4,16,1,retail
40.56904335810764,15,16,0,tech
30.655078704341626,8,14,0,retail
47.13720745786353,13,16,1,tech
47.860958112261265,23,12,1,public
42.923611907850045,10,16,1,retail
30.478255937119254,6,16,0,public
34.115012614083774,2,16,0,tech
43.3470507560415,12,16,0,health
52.90561903916476,24,16,0,health
39.71213908549076,13,14,0,public
35.43817569072151,8,14,1,health
33.654346157003516,9,12,1,retail
20.793614347276932,0,14,0,public
31.161879649846366,5,14,1,retail
25.667227504357776,3,14,0,health
46.44358068037897,8,16,0,tech
53.5683310515729,28,12,0,health
52.6736045973473,25,14,0,retail
46.69125062403957,22,16,0,retail
56.58402394001775,29,14,0,retail
45.95302610444333,9,16,1,health
41.3958633491143,11,12,1,tech
16.45091578213831,1,14,0,retail
40.54709907106253,13,16,0,public
53.51450694556415,15,16,1,tech
35.05776818910808,10,14,0,health
54.432801156889624,20,18,1,health
41.6660094083377,10,14,1,health
45.6488428822259,13,16,0,tech
42.11684686574729,20,12,1,retail
40.78780877005341,20,12,0,tech
38.95327976483628,22,12,0,retail
43.774714646791004,20,14,1,retail
24.833469207083507,9,12,0,public
40.32241845216952,6,16,1,tech
20.90007822223836,4,12,0,retail
24.493239561985895,9,14,0,retail
54.32302533396138,21,18,1,tech
50.18027985024805,25,14,0,public
37.153942541522134,13,12,0,health
26.67188299591381,2,16,0,tech
53.16032232571495,27,12,1,public
63.20477520026874,24,18,0,tech
41.334133408569265,12,18,1,retail
45.50238419291659,18,14,0,public
24.899731988683875,0,14,0,retail
42.597392079507706,12,16,0,public
42.08032217087527,21,14,0,health
44.09767459755032,22,12,0,health
61.38990269995577,29,14,0,tech
31.906157016579574,15,12,0,public
33.49466875995377,13,14,0,public
46.72071608050525,16,16,1,health
63.31533045437156,28,18,0,retail
24.223066367253757,3,12,1,health
20.980071745471086,4,12,1,retail
51.56735790766843,24,14,0,public
31.264081098789745,6,16,0,public
48.64734873308755,18,12,1,tech
31.195418393617153,10,16,0,retail
59.692809567035454,22,14,0,tech
40.338914312730296,12,14,0,health
22.288492546185285,4,12,0,retail
56.03162280365841,26,16,0,health
27.897106478634658,0,14,0,tech
58.389767766135414,29,12,0,tech
34.78712052972378,1,16,1,tech
42.716272995441436,15,14,1,tech
61.6217256506986,27,16,1,public
47.25046561281362,20,12,1,health
27.959057320571393,6,14,0,retail
51.73080099189013,18,16,0,health
34.029437307955305,6,14,0,public
57.34192255427153,25,14,0,health
22.19184176332812,2,14,0,retail
29.827748675922198,3,16,0,health
55.68306016854215,21,18,0,public
39.54174575115185,16,18,0,health
49.43531529084481,22,14,0,retail
52.24726323501457,24,16,0,health
26.976194119543845,2,14,0,health
51.59137808027652,23,14,1,public
36.61794081408416,11,16,0,retail
53.03506463821567,23,16,0,health
36.201485270020626,6,16,1,public
48.71094989334223,29,14,0,retail
37.77730718024974,14,16,0,retail
27.6430701452514,0,16,0,health
50.23659703464593,21,14,0,tech
31.836963152642788,3,16,1,health
43.416062678405886,17,16,0,public
29.923320827596932,4,16,0,public
31.921179667465232,6,14,0,health
38.26205722130534,17,12,0,tech
46.54312379993339,17,16,0,health
48.21384608920439,12,16,1,tech
39.88824194414308,8,16,1,tech
29.545484272858776,1,16,1,retail
35.28505439914506,10,16,0,health
39.22425546446791,8,16,1,retail
63.30172616951624,29,16,0,tech
41.00728928326334,11,16,0,tech
48.68948489678215,16,16,1,public
43.030576996101026,15,16,0,health
60.07582681970786,27,16,0,health
48.78555463061572,22,16,0,public
46.67633664903702,16,14,0,tech
46.66704852770754,14,16,0,tech
49.10092389196033,26,12,1,public
58.157552915618965,24,14,0,tech
49.86124731851041,20,16,1,tech
41.387867691204626,16,16,0,retail
25.261771557263664,3,14,1,retail
33.6938066414388,10,14,0,health
55.88964636232022,21,16,1,retail
57.069372624335195,24,16,1,health
52.100527029771584,20,16,0,public
34.50802310717567,5,14,1,tech
27.824352260796044,6,14,1,retail
61.053968467323145,26,18,1,health
32.9602330108304,10,14,0,public
44.685942807561666,20,14,1,retail
32.466779759001454,5,14,1,health
51.12300299963332,28,12,1,public
42.118515120623094,8,16,0,health
28.274111018996418,6,12,0,tech
38.37179701888766,8,14,1,tech
39.18173339713797,6,16,0,tech
18.978425273650966,2,12,1,public
36.36783019551219,13,12,1,health
55.54488711673402,17,16,1,tech
23.648270095283905,4,12,1,public
32.434396314116846,13,12,1,retail
26.954466754411442,1,16,1,retail
44.22251604540458,16,14,1,public
37.37674064714245,10,14,1,retail
43.03716420284913,20,12,1,health
59.40833698818138,22,16,0,tech
41.04484641379862,4,16,1,tech
56.13436277415115,26,12,1,tech
63.80321303215608,23,14,1,tech
33.78532662590701,6,16,0,retail
49.237953716966864,13,18,1,health
60.55594324587986,28,16,0,public
44.63234586503906,26,12,0,public
17.751184785373194,2,12,1,public
48.3055914680766,26,12,0,public
30.23521553646703,2,16,0,tech
36.62663421808716,9,16,0,health
48.40574989487135,21,14,1,retail
53.528815449105956,24,14,0,health
19.1209751989244,2,12,1,public
53.34527890747166,28,12,0,retail
54.36299239784594,29,12,0,retail
41.162377962379956,11,16,1,retail
40.75337925677392,8,16,1,retail
19.00382537044157,3,12,0,retail
23.50621311922351,3,14,0,health
32.67948514813851,1,16,0,tech
53.95690663211584,23,14,1,public
32.309100612111344,12,12,0,public
42.873438017918915,12,14,1,tech
36.544606474142874,7,16,1,public
58.66064208084519,27,14,0,tech
47.59835760329966,15,16,0,tech
40.9183669147249,14,14,0,health
38.88690294749095,11,16,0,health
32.532980889931665,0,16,1,health
27.83007537468122,4,12,0,health
45.73593357072923,4,18,1,tech
42.3723613286207,12,16,1,public
24.937762994129834,2,12,1,retail
63.835096282378316,27,14,1,tech
29.5573424806332,5,14,0,health
47.321872261917726,17,16,0,retail
38.39937063539973,8,16,1,tech
27.904820948338838,2,14,0,health
23.71870055767939,2,16,0,retail
42.83169074936529,14,16,0,tech
54.61984973088966,26,14,1,retail
46.68321958101029,21,12,1,tech
57.18238240446149,20,18,1,public
52.511244674967884,18,16,1,public
38.70703384153188,13,14,0,health
51.0721200979407,20,16,0,health
51.77059081762982,26,12,0,tech
50.95575806664911,15,18,1,retail
39.30917964505283,18,14,0,health
24.918021288504313,5,14,1,retail
43.31543718631494,20,14,0,health
30.35319735898322,3,14,1,retail
46.6229049076846,21,16,0,retail
63.98168376179481,29,14,1,tech
40.61093710918017,13,14,0,tech
46.893310948911775,15,16,1,health
37.55351304639517,8,16,1,tech
59.20216382630464,22,18,1,retail
58.45365417818958,26,18,1,public
32.792536475909785,4,16,0,tech
36.64265422092228,11,16,0,public
43.946741992710734,10,14,1,tech
42.410507007684146,13,16,0,health
24.91563877222924,0,12,1,health
28.6474769617819,8,12,0,tech
39.52714692950048,14,12,1,public
45.44467325127751,16,16,0,health
47.8650296243407,23,14,0,retail
45.98505392477125,16,18,0,public
26.74759038112255,1,16,0,retail
46.482084005378006,12,16,1,retail
44.97267422589453,13,14,0,tech
34.98121029737244,10,14,0,retail
33.35249629200467,8,16,0,retail
48.420332186977326,16,16,0,health
38.68492132200247,13,16,0,public
37.42505752964686,11,16,0,retail
63.73679582616595,29,18,0,health
50.47776663287936,23,14,0,health
35.844989658739316,4,16,0,public
31.902970289017404,4,16,0,health
33.41357132709668,8,16,0,public
44.79154926763257,21,14,1,public
34.84961793784077,6,14,1,health
26.436710338453423,6,14,0,health
52.948265869570776,29,12,0,retail
52.346082713894646,27,12,1,public
47.5026987821851,21,16,0,public
37.098722157296415,11,16,0,health
55.22707873402967,19,16,1,health
35.959945062841435,9,14,1,retail
21.976664927631926,0,14,0,public
55.97360560337671,27,12,0,health
57.33561684746864,29,12,1,retail
18.864917558699087,1,12,0,health
46.38931747967031,17,16,1,retail
61.60517333849098,29,12,1,tech
48.60147332139709,24,12,1,public
63.140175471067394,27,18,0,public
46.66403930116015,23,12,0,public
42.95727788195735,19,12,1,health
52.700465556820696,15,16,1,tech
52.28893732225119,17,16,1,tech
29.992056968424485,0,16,0,public
50.93097584825078,15,16,1,tech
18.18081219462557,0,12,1,health
24.04076645085558,2,12,1,retail
45.75739768005723,24,12,1,retail
36.07117152821332,2,16,0,tech
47.48485073078433,16,16,0,retail
45.33856229618931,20,16,0,public
23.457527627021896,0,16,0,public
61.24158628987881,28,14,0,public
40.25557391530885,12,16,0,public
38.11386657022755,15,12,1,public
63.272375488806155,28,14,1,tech
30.078683172342238,0,16,1,health
34.16336397077191,3,14,1,tech
51.19856130048344,24,14,0,health
33.61700069279868,9,14,1,retail
65.75169577081394,24,16,1,tech
62.00995868975383,27,18,1,public
34.984927111164026,10,16,0,retail
17.044953932855243,0,12,0,health
51.767291554026095,20,14,1,public
53.547904056679734,23,16,0,health
31.9004836293896,4,14,1,tech
26.533624445185104,7,12,1,health
36.273941107141944,4,18,0,health
46.71922312390132,18,12,1,health
49.404303177846145,21,16,1,retail
30.986260537430894,0,18,0,health
40.27727656199657,15,14,1,public
37.908331551870106,21,12,0,public
48.27453435644023,17,14,1,health
65.52623740809653,29,16,1,public
43.91517840080745,15,16,0,retail
61.66228290451353,27,18,0,health
64.54133253153266,28,18,1,public
33.08779632248307,5,14,0,health
53.755462144350275,23,14,1,health
44.52212691864853,18,16,0,retail
51.69907403065424,26,14,1,public
26.62701104199371,7,16,0,retail
33.74512266451185,8,16,0,retail
43.13625178023416,12,16,1,retail
63.74530829063548,29,16,1,tech
68.10258518783431,29,16,0,tech
53.4863373120578,24,16,0,retail
33.91819618237544,1,16,0,tech
32.33484263739484,2,14,1,health
55.28844673712471,20,18,0,public
38.40857972234856,2,14,1,tech
58.56605247623707,29,14,1,public
35.38806739688317,5,16,0,tech
54.79241540074851,28,14,1,retail
42.35824509573544,10,14,1,health
43.45682542610482,7,16,1,tech
38.06678722056715,6,16,1,tech
51.82485567883734,23,12,0,tech
21.45620639201977,1,12,0,health
44.511629299149845,17,14,1,tech
43.88577765998396,13,16,0,retail
43.76836238178787,16,14,1,health
24.90882771678751,7,12,1,public
22.349859043290177,1,12,0,health
48.9662515448023,13,18,0,health
29.109232050756162,9,12,0,retail
49.80213401953111,23,12,1,retail
37.84561786403066,10,14,1,retail
46.12529758574163,9,16,1,tech
42.532689524164404,11,18,0,health
33.53143835740394,1,18,0,tech
53.978073179217475,14,16,1,tech
58.34004744580526,25,16,1,health
36.93553117553726,15,14,0,public
43.04180377305125,14,16,1,public
32.27697160093906,14,12,0,retail
27.884867815268617,7,12,0,retail
28.034459507256955,3,14,1,retail
53.71283368618741,27,14,1,retail
53.11489997807631,23,12,0,tech
53.50835488502376,22,16,1,public
19.279120641773105,1,14,0,retail
42.79097258598437,12,14,0,tech
22.75052588508473,0,14,0,retail
40.47236214589642,10,12,1,tech
20.758934331425554,2,12,1,public
25.859772494022195,2,14,1,public
35.2588359081751,13,14,1,public
24.132039650745803,8,14,0,retail
56.75145271629015,29,16,0,public
50.3715501814402,21,16,0,health
41.6593380563919,10,18,0,public
27.13847731304186,2,14,0,tech
44.332926544426805,19,16,0,health
40.69890487222834,11,14,1,health
29.89720147104066,11,12,0,public
49.25982120445023,17,16,0,health
49.38501167419174,12,16,1,tech
42.4962244577656,22,12,1,health
54.85196888583325,26,14,0,public
46.565642808176975,22,14,1,retail
58.06778632018447,29,14,1,retail
41.50293918097816,8,16,0,tech
35.5685199946766,9,12,0,tech
38.819101555913264,9,14,1,health
26.479927957764797,5,12,1,public
28.89902593817781,4,14,1,retail
38.71175994929228,5,18,0,retail
42.88258282958029,21,12,0,retail
45.39583309145227,15,16,0,tech
29.90759160102265,7,14,1,public
51.87663450217228,19,14,0,tech
43.038597713850855,14,16,1,retail
33.497227670527685,0,16,0,tech
51.61554801412661,26,12,1,retail
36.676811977849056,11,16,0,public
20.314769190386542,0,14,1,public
32.78600056445618,5,16,1,retail
49.0367366504845,25,12,0,health
46.0820103018114,19,14,0,health
46.952541766147284,22,16,0,retail
33.88360472493675,9,16,0,retail
51.71577958929717,19,16,1,public
31.113444306524364,9,14,0,health
46.277195990981646,12,16,1,tech
38.60684852884742,5,16,0,tech
42.354211227579334,18,12,1,health
43.58411783644109,18,12,0,health
57.17877451835873,28,14,1,public
45.02079516782642,20,14,0,retail
33.758960382971914,2,16,1,retail
41.38448154657678,7,16,0,tech
33.44974436888549,2,16,1,retail
43.89575005522623,8,18,1,tech
32.64542090718593,10,12,1,public
60.982186585356104,28,12,1,tech
27.737108759817083,3,12,1,health
42.239946160164465,15,16,0,retail
65.39139158421519,27,18,0,public
27.742594574847132,9,12,0,public
52.718245756639334,23,14,1,public
44.086624397886276,9,18,1,public
24.95569847632924,4,14,0,retail
43.432985481692306,17,14,1,retail
40.22221367224681,11,14,0,health
27.621864253892294,0,16,0,public
44.234857007399334,12,16,0,retail
46.334615677485694,11,16,1,tech
61.33223783642386,28,16,1,health
47.90277719031834,25,12,1,retail
34.219165177882026,9,12,1,tech
63.22187737516418,22,18,0,tech
38.84298038895551,14,16,0,public
56.50496126234923,27,16,0,health
41.61983169630495,15,16,0,retail
17.73371270547239,2,14,1,retail
46.70903587012696,23,14,0,retail
50.3879939180535,20,16,1,retail
53.507608305121096,26,16,1,health
63.6596780924998,21,18,0,tech
47.83188186316238,20,14,0,tech
43.31825091220203,10,14,1,tech
48.97824709575498,10,16,0,tech
35.791941485492714,11,14,0,health
29.114713358017774,6,16,0,public
57.27740338727327,21,16,0,tech
40.74015686895932,11,16,0,health
60.53752898751073,28,14,0,tech
51.99283063400226,17,16,1,tech
35.6076861110722,9,16,1,public
45.80272398080667,23,12,0,public
38.34640233898268,13,16,0,retail
60.940831359469534,28,14,0,tech
60.232632168818206,24,16,1,tech
59.58111841428963,26,16,1,tech
50.250794092569215,29,12,1,retail
54.32734269203699,23,12,1,tech
64.26554781956908,28,16,1,public
55.158371364254926,27,14,0,health
31.984844590225215,4,14,1,tech
49.90256296142468,20,14,0,tech
45.116106647824736,16,14,1,tech
54.15089264814126,28,14,0,health
52.47307759902531,22,14,0,tech
49.14350789088829,15,16,1,public
53.518876926417036,19,16,0,tech
32.6936660196433,2,18,0,retail
30.452559679161798,10,12,1,retail
47.33965793536733,21,14,0,retail
34.33640504408085,12,14,0,public
68.61669859016777,28,16,0,tech
56.792598746090974,19,16,1,tech
24.22370112683296,0,16,0,retail
39.34167661511797,4,14,1,health
52.41554601271195,18,16,0,retail
48.54603588293756,23,16,0,retail
48.090652537234426,9,18,0,tech
44.689939001726394,11,12,1,tech
39.58057970349225,12,16,0,retail
20.376921284664945,7,12,0,retail
57.92620911846749,27,16,0,health
31.78887821781579,15,12,0,public
36.26555059678605,10,12,0,tech
60.05918986330413,28,16,0,retail
46.717859755225554,18,16,1,public
21.23829934312369,0,12,0,health
36.536050769142534,12,16,0,public
48.250619909887504,20,14,1,retail
49.69622334698289,27,12,1,retail
52.40587577639796,15,18,1,retail
35.956927313854315,11,14,0,health
43.22501675666022,9,16,1,health
22.401844800397917,2,16,0,retail
32.79165902300179,2,16,0,health
33.12024101558087,12,12,1,health
51.62861494919197,23,14,0,health
42.46591028211609,12,16,0,retail
27.30359858621376,4,14,1,retail
50.85758174754952,26,12,0,retail
57.196566736694706,24,16,1,public
47.10649912331728,9,16,1,tech
49.65594238678007,10,16,1,tech
44.54855881845614,8,16,1,tech
28.39288013777978,4,14,0,retail
37.19184672548236,12,12,0,retail
43.93155713426026,14,14,1,retail
38.10563985590614,20,12,0,public
27.319933427743194,5,14,0,retail
36.373157408149794,12,14,0,public
24.504452134465385,0,16,1,retail
43.14980663063115,15,14,0,tech
25.34813143176729,12,12,0,public
43.1766971900385,21,14,0,health
52.45043563212708,17,16,1,health
33.23525327547922,0,18,1,health
23.18297716505095,4,12,1,retail
29.933228104029368,3,16,1,retail
51.3626982338243,24,14,1,public
48.88638854870042,21,14,1,health
33.785563632757935,4,16,0,health
55.88400062869584,27,16,0,retail
52.933733237425976,15,18,0,health
43.97634951973588,26,12,0,retail
35.01367807987442,6,14,0,tech
51.59899004723875,21,16,0,retail
43.980673918339015,19,12,0,tech
57.359967966364614,29,16,0,public
46.77153014823775,12,14,1,tech
52.82760986219595,25,14,0,retail
31.055064522744747,1,16,1,retail
50.449433310310596,20,14,1,public
42.46807652284755,16,12,1,health
49.193744271302954,19,16,1,retail
56.91838999321062,23,16,0,public
64.88108039122065,25,18,0,public
26.773568977678792,2,14,0,public
66.5256855213375,26,16,1,health
37.696373274069096,13,16,1,retail
35.719620141216495,8,14,0,tech
30.98648832267394,1,18,1,retail
50.80189430695406,25,16,0,retail
39.035866719794015,21,12,1,public
46.92126695879483,17,16,0,retail
30.06993093434565,1,14,1,health
23.677476651393647,0,14,0,tech
30.275375708826704,8,12,0,tech
33.71856669549889,5,16,0,tech
51.55182885554361,22,18,0,retail
54.089608925823406,23,16,1,retail
38.48043714244951,6,12,1,tech
38.18431970632516,10,16,1,retail
25.86527384466845,1,14,1,public
57.956613801309786,25,16,0,health
28.405644125331587,1,18,0,retail
49.36735277072047,18,14,0,tech
45.666316217806745,18,16,0,retail
60.51049158240721,29,14,1,public
40.925023788580596,13,14,0,tech
47.11060301988848,22,14,1,public
32.80589086952874,8,14,0,health
30.059596932620757,2,14,1,health
41.636061396130735,24,12,0,retail
55.563476165305914,25,16,0,tech
64.1200828208103,27,18,0,health
42.23320682088643,19,12,1,public
25.942866796693867,3,14,1,retail
35.269319384298306,6,14,1,tech
44.76213626566103,17,16,1,retail
45.84843856161271,15,14,1,retail
14.504448381403927,2,12,1,retail
30.677543194964315,4,14,1,health
44.033788834241186,18,14,1,retail
33.97099984497625,11,12,0,health
52.50006929894026,27,12,0,health
49.27822382618839,22,12,0,tech
42.253482480026285,13,16,1,health
31.06205897360566,13,12,1,retail
33.077763882472645,3,16,1,public
47.68409279924593,19,14,0,tech
62.23527489686838,24,18,1,health
64.27508962911169,26,16,1,health
35.801243662244985,7,14,0,tech
57.201253496332995,21,18,1,tech
40.46337250174984,11,14,1,public
22.810219140613775,2,12,1,health
27.755454675812583,4,14,1,public
37.741534425652475,12,16,0,retail
37.505938100232214,0,18,0,health
36.48125182444027,9,14,0,health
52.44993467137445,14,16,1,health
50.87992506493035,14,16,1,tech
61.199655433638,26,16,1,health
57.39730074973915,26,14,0,health
43.01712321964565,11,14,1,tech
35.57211007389993,10,16,0,retail
55.31618136247838,29,14,1,retail
48.284767461196715,22,12,1,retail
46.69432470190339,5,18,1,tech
47.20142171962289,14,18,0,health
25.632841520508173,17,12,0,public
62.660003713976394,25,18,1,retail
44.77653902957777,15,16,0,tech
33.00347400035955,7,16,0,health
55.72997383781361,28,16,0,retail
52.04710574425837,15,16,1,tech
55.7813306687872,16,16,1,tech
41.448490107126766,18,14,0,health
74.50500713375756,28,18,1,health
45.980672103825775,11,16,0,tech
53.930180293953654,25,12,1,health
47.899675171100036,16,18,0,health
61.43002397403825,26,16,1,public
39.583258770861356,8,16,1,health
71.20499558184005,26,16,1,tech
66.07685014716604,29,14,0,tech
38.868717101050166,15,12,1,public
51.237069542282,20,16,0,public
51.28869607450758,24,16,0,health
53.8085545165704,18,14,1,tech
52.34504067344093,27,14,0,retail
49.37358621578506,28,12,0,public
33.790646746005926,5,16,1,retail
48.873890152488705,13,18,1,retail
48.479087777603155,24,12,0,public
57.224456932289094,29,14,1,health
49.0539481063822,27,14,0,public
20.563149391592937,2,12,1,retail
66.40133673889973,24,18,1,tech
55.97360798292032,29,14,1,health
31.91504153918521,3,16,1,retail
52.30953700287269,21,14,1,health
36.522013889044636,14,16,0,retail
40.22306270668055,17,12,0,public
57.44852871774115,29,14,1,health
32.704280172680924,10,16,0,health
25.354312410143823,8,12,1,public
32.13236495473636,6,14,1,tech
34.30886457073532,5,18,0,retail
63.35166584365003,29,16,0,retail
32.58851684392211,7,12,0,tech
32.195915770544914,7,12,1,public
46.3279635740637,15,14,1,health
58.66860910414177,26,18,1,retail
56.703873799881855,25,18,0,public
27.154102325247795,1,14,0,tech
30.387738875519176,3,14,1,health
53.72981313736165,24,16,0,health
57.05520436277704,22,18,0,tech
48.763325565362145,26,14,1,retail
29.551390312385138,5,14,0,health
32.758625507714605,7,14,0,health
70.76262499995188,29,18,1,retail
52.34345201051912,29,14,0,retail
47.955882650006664,19,14,0,tech
38.997695422901174,11,14,1,tech
49.29990693282737,22,14,1,public
29.95284031429371,4,14,0,health
53.36050535258115,19,16,0,tech
36.471944378723826,12,14,0,public
51.99130457288398,25,12,1,health
58.04319901617978,29,12,1,tech
43.459956717817526,12,16,1,retail
26.605821363788365,3,14,1,health
63.84087389140248,29,16,1,retail
44.39635128948304,20,12,0,tech
34.584713279987895,7,14,0,tech
29.468946666774656,4,18,0,retail
27.099533735259584,11,12,0,health
50.764012904252645,20,16,0,public
41.38269342854653,9,16,0,public
44.06355935519412,4,16,1,tech
45.26111211356657,11,16,0,public
61.88351295892324,28,16,1,retail
32.18800034826988,9,12,1,public
59.20685388776992,27,16,0,tech
31.70571716240769,12,12,0,retail
57.904997623559574,29,12,0,tech
54.47216944190345,28,14,0,health
66.55454138857127,26,16,0,tech
28.139459088803875,1,14,1,health
34.89395821009543,11,14,0,health
44.78517728989335,24,14,0,public
39.139479567634346,13,12,0,retail
43.42747984201775,18,12,1,public
38.117118093502675,9,14,1,health
45.87263691338683,19,12,1,tech
47.629816497687095,14,16,0,tech
58.43149258859961,25,16,1,public
41.85629825556308,7,16,1,tech
34.7790192630196,5,16,1,tech
55.786520514918216,28,14,1,retail
48.5955714067979,15,16,1,health
40.14779378621482,12,14,1,health
25.193689651283446,4,14,0,health
37.322631181547656,10,16,1,health
59.06386078910987,23,16,1,public
67.56017512157767,28,16,0,tech
33.88812251382904,2,16,1,health
31.781622183135397,10,14,0,retail
27.174452857938398,3,16,0,public
41.0726524473881,12,16,0,tech
15.722647505380113,1,12,0,public
49.26435622444867,18,16,1,retail
40.879106704730276,13,16,0,public
47.404814869969925,21,14,1,retail
29.249646717429588,3,18,0,retail
40.10682891531306,12,14,1,tech
48.74403833532646,22,12,0,tech
31.850458539865098,6,18,0,retail
43.10953471684641,8,16,0,tech
47.23730506918646,18,16,0,retail
63.76480850349596,23,16,1,health
31.298536542356644,5,14,1,public
42.13704474323335,11,16,0,health
47.39866196346017,18,16,0,public
59.10408759024619,27,14,1,health
40.8257883250967,19,12,0,retail
44.58233644576997,15,16,0,health
55.4740762464953,19,16,1,retail
31.231387016910844,3,14,1,health
37.83093091724245,10,16,0,public
42.40211128634067,16,16,0,tech
37.960071043672194,11,14,1,tech
28.18437955870027,2,14,0,tech
27.575617400062857,7,12,0,health
23.700446431077577,1,16,0,retail
60.24145427636703,23,16,1,health
52.51742525565866,17,16,1,tech
54.118479821507975,21,14,1,tech
38.71712666349808,16,14,1,retail
44.07728673938082,20,14,1,retail
43.43214608470504,17,14,1,public
57.34817192069201,29,14,0,tech
41.406558843253606,9,14,1,health
54.08627562084685,26,14,1,health
22.081167788338085,2,14,0,public
31.780563551062414,12,12,0,retail
57.1880813699925,28,14,1,public
58.995719336027776,22,18,1,retail
50.48085274559015,15,16,1,tech
46.37971084091932,19,14,1,public
47.97093398214726,22,12,1,tech
41.83421984868962,16,12,1,public
53.863698006514916,24,12,0,tech
30.33623987725047,4,14,0,tech
57.809464349328074,20,16,0,tech
47.638366383331714,14,16,1,health
48.86146294342315,21,12,1,health
32.23715929283679,6,16,1,public
13.741319523240907,1,12,0,health
48.09335292943848,24,12,0,public
34.02876738089636,1,12,1,tech
54.62466916916435,22,16,0,tech
40.008953846261164,9,14,1,tech
36.029368580295035,5,16,1,public
50.6380231531407,14,16,0,tech
35.72513473429483,2,16,1,tech
52.53852688107111,22,16,0,retail
28.704067556194087,3,16,1,retail
47.49118442273666,22,12,1,health
56.783359460868205,23,14,0,tech
35.184301807815736,12,14,0,retail
55.03153713933365,28,16,1,public
48.99220707196493,25,12,0,health
45.16279972590617,8,16,0,tech
54.162934527993464,27,12,0,tech
27.78230976878322,3,14,0,health
54.80557816094814,26,16,0,tech
61.13673445878366,21,18,1,tech
36.140550792211585,9,16,0,public
40.40009700969251,15,12,0,tech
31.982578260397776,7,16,0,public
53.58105573331748,18,16,1,tech
22.82519392910656,2,12,1,tech
44.941967704175916,15,16,0,tech
48.01897194171185,21,16,0,retail
51.30328504221084,24,14,0,public
26.137445182316682,1,16,0,public
43.50025540657996,17,14,0,public
51.227628454658614,24,12,0,health
55.29371913257408,24,18,0,retail
60.86128213955609,27,16,1,health
54.29356868313343,19,16,1,retail
33.033299327283274,10,14,1,public
53.115667494385605,20,16,1,tech
29.947796753920862,6,12,1,tech
58.900980062270875,22,18,1,tech
24.111317255648032,6,14,0,public
44.924125402344636,17,16,1,public
41.055691145498386,12,16,1,public
37.678618690804576,10,14,1,public
51.52328132831613,25,12,0,tech
40.789790500225116,11,16,1,health
50.5104035290244,19,12,1,health
24.886709630108353,0,14,1,health
54.55541640992358,21,16,1,public
24.62075938181587,1,12,0,tech
50.27250719841988,16,18,1,public
46.97397335415878,13,16,0,tech
55.45213942044726,24,14,1,health
55.42276316902613,24,18,0,retail
42.24544308875188,15,14,0,tech
62.10234770786642,21,18,1,tech
15.147854181799126,3,12,0,public
46.34101130675177,11,16,1,tech
50.85775329831996,17,16,1,health
33.86218462311075,14,12,0,retail
39.738983718917915,9,16,1,public
52.92149067372796,25,14,1,public
35.06080768428578,4,14,1,health
57.606388824611415,23,16,1,tech
30.70006365498371,6,14,0,tech
48.456439363871645,18,16,0,health
43.11655626259329,16,12,0,health
53.25209297232688,25,14,0,retail
46.99387832089667,12,14,1,tech
72.80795996311946,29,16,1,tech
27.07024007455515,3,14,1,health
40.27614823172617,18,16,0,health
38.59842539519501,4,18,1,public
64.6662277368579,29,16,1,tech
49.5795833022229,22,16,0,retail
31.60212032926701,2,16,1,retail
50.507042506929466,24,12,1,tech
54.58196502289661,23,16,1,public
35.47054845597087,7,16,0,retail
32.90644941094798,2,16,0,health
29.93950196105489,2,12,1,tech
35.332816777248226,6,16,0,retail
22.08199596692192,3,12,1,public
36.411674053464715,10,16,0,public
47.511411865878244,18,14,0,health
28.439753656225584,3,12,0,tech
41.27903941580013,16,12,0,health
54.43501986089468,21,14,1,health
41.38438338337778,5,14,1,tech
44.01209156187006,10,16,0,tech
51.0291052602412,26,14,1,retail
34.16833381665132,5,16,0,health
28.521110481111055,0,16,0,tech
32.85831187715037,6,16,1,public
51.632380445544534,15,16,1,health
35.417953981031644,0,16,0,tech
48.66558996031519,21,12,0,tech
54.94882104001205,28,12,1,public
37.42881060205548,13,14,1,retail
69.3389453662546,28,18,1,tech
35.72791323020871,9,16,0,tech
33.78066250025796,7,14,0,health
54.30767124312176,23,18,0,retail
41.85317063328614,20,12,0,retail
28.62606264420591,1,14,0,tech
21.26858639803316,1,14,0,tech
22.7559576537221,0,12,0,health
29.99663853620997,10,12,0,public
47.50694336181801,16,16,1,retail
46.84158342637669,20,16,1,retail
31.660317887135413,1,16,0,tech
24.96963077548891,6,14,0,retail
55.33778699861075,26,16,0,retail
42.05531812426444,10,16,0,retail
22.854565885911605,0,14,1,health
28.697894203984795,3,16,0,tech
52.80100820972668,25,14,0,health
31.74268976855878,4,16,1,retail
56.237531448070186,21,16,1,health
28.480713251129046,0,16,0,retail
43.46477990423246,18,16,0,retail
37.35942283337259,10,14,1,public
38.24536508936539,14,16,0,public
38.57044227840783,12,16,1,public
60.81017759491719,29,12,1,tech
43.82220760552406,12,16,1,retail
63.56216371828975,29,16,0,tech
32.252058123233375,8,14,1,health
42.071623421276165,20,12,1,health
41.63420629418951,15,12,1,tech
42.70045718325796,16,16,0,retail
25.86283658260013,0,16,0,retail
30.788505116226606,5,16,0,health
35.280691713043836,12,12,1,tech
36.41124982001077,10,16,1,public
44.51098126410388,18,16,1,public
28.057735947235283,0,16,1,health
46.100000895336095,22,14,0,retail
25.89949158790386,2,12,1,public
64.95220310764134,29,14,1,health
37.26567436284008,6,16,0,health
40.827441071489,13,16,1,retail
37.45401066652085,11,16,0,public
62.55990387715735,28,16,0,health
52.33611030601071,27,12,0,health
58.89793179217186,27,14,1,retail
41.75532139895468,23,12,0,public
33.50880210755458,4,16,0,health
47.47817008206648,8,18,1,tech
42.1602152868065,15,14,1,public
41.084583164779175,16,14,0,public
26.476132019074587,6,14,0,health
55.81579199104954,23,16,1,retail
56.53417989396351,23,16,0,tech
48.38315921941301,21,14,1,public
50.609248683199056,22,12,1,tech
61.00873722335762,25,16,0,public
57.29155253387958,29,14,0,public
40.05345281240861,13,14,0,health
30.578381224837262,1,14,1,public
66.18737334217109,28,14,1,tech
44.95273718845411,12,16,0,health
42.306332426915425,15,16,1,retail
34.71217201565064,10,14,0,health
51.16610191223027,22,16,0,public
48.65702738518967,19,14,1,retail
36.35302948323235,4,16,0,health
47.03588775249855,15,16,0,health
59.52372612270933,20,16,1,tech
54.5076624699511,17,18,0,health
50.537963856398406,15,18,0,health
23.06250645398761,4,12,1,health
32.957128929718756,9,14,0,retail
54.59647779132654,28,14,1,retail
49.1606906922672,21,14,1,health
47.22032894124381,9,18,1,health
33.67360084565971,11,14,1,retail
44.239753385389605,11,14,1,tech
34.19567275588369,6,16,1,public
37.137916169916,6,16,1,health
38.15454419708357,5,16,1,tech
44.24848573607658,9,18,1,public
28.487102889737947,6,12,1,health
37.46079363936524,11,16,0,public
42.04043757270274,14,16,0,retail
26.914167274068742,7,12,0,health
52.37102398855948,27,16,0,public
41.89094305538279,13,18,0,retail
35.84019065424303,18,12,0,public
63.40327003555863,24,16,1,tech
24.393478066912994,6,12,0,retail
50.87624953871165,25,12,0,health
69.59715116410199,29,16,1,tech
40.8410161840316,18,12,0,retail
39.23627152219747,19,12,0,retail
48.315774020692686,16,16,0,health
38.78599593861668,10,14,1,health
52.275267828573526,18,18,1,retail
41.30793975597788,12,16,1,tech
43.384292843743204,15,16,0,public
32.12021307374334,4,14,1,health
24.08302561603267,2,12,1,health
42.90030053755527,13,16,1,public
37.182640707652666,3,16,1,tech
58.47826007454912,24,18,0,tech
42.33819360646815,14,14,1,public
66.04681902359333,29,16,0,tech
36.13347865592486,2,14,0,tech
18.747274243125275,2,12,1,retail
31.04781969577675,3,18,1,retail
40.19904372356039,10,14,0,retail
49.63686257244882,18,14,0,public
36.63244213034327,10,14,1,public
57.742261621985996,28,16,0,public
49.879939454127566,29,14,0,retail
28.09606424002739,1,16,1,public
49.62088739929387,19,14,1,health
52.314167219200996,18,14,1,tech
62.469000630477396,25,16,1,retail
38.10386222516963,13,12,0,tech
36.11312985807111,2,16,0,tech
18.52097651150001,1,12,0,health
39.38676372234811,4,16,1,health
44.55486093382556,23,14,0,retail
37.475780498394215,2,16,1,tech
44.790512032591835,21,14,0,public
32.856371917910586,3,18,0,retail
68.78521394379327,28,16,1,tech
24.399409963548884,3,12,1,public
41.743662009167814,19,16,0,public
33.769824630301684,0,16,0,tech
57.891923916159996,21,16,1,health
28.315523487532086,2,14,1,public
35.00559717340698,10,16,0,retail
45.83463247298298,25,12,1,retail
42.53450161692171,17,14,0,health
31.281897377225327,10,16,0,retail
51.47532394278957,18,16,1,tech
43.405501689801824,18,12,0,health
23.86831163974401,3,16,1,health
39.49206189266274,14,14,0,public
35.50773282260771,5,16,1,tech
35.86258859767533,14,12,0,public
39.22521701546814,7,18,1,public
34.066455009268815,7,16,0,public
43.59777024761492,18,14,1,health
44.219343444037285,14,16,1,public
42.57968501038876,16,12,1,public
27.392943565259348,3,14,0,health
30.984162852535512,9,14,0,health
44.560780526254206,10,16,1,health
57.91069074769792,23,16,1,tech
42.74878949774508,11,14,1,health
46.05952701630602,20,14,1,retail
57.041387105655275,25,14,0,tech
26.317181714009877,4,16,0,retail
29.191049200390516,2,16,0,retail
51.315894908649106,23,14,0,retail
42.31321664487939,9,18,0,health
31.61454751022145,9,14,0,public
47.83894020641515,29,14,0,retail
46.53085607220884,13,16,0,public
46.53782007448627,18,14,0,tech
35.78493476166626,5,16,1,health
36.538999246536505,7,12,1,public
39.05721170966358,12,14,1,public
20.632024655147408,0,16,0,public
25.8913504660074,6,12,0,health
70.29245792143888,29,16,1,tech
49.43841603030189,22,16,0,public
39.626718304874146,17,14,0,public
36.28999791201095,17,14,0,retail
25.070806883144527,10,12,1,retail
50.34398966548386,26,12,1,public
37.397485545531076,13,16,0,health
37.657620604588274,4,14,0,tech
22.0297178836059,1,12,1,tech
52.17694265972169,17,16,1,tech
29.30349516491189,3,16,0,public
38.638751036513455,14,14,0,public
53.42039420594478,25,14,1,health
36.60671690347241,14,12,0,health
49.89534629938216,18,14,1,health
42.01564480010056,22,12,1,retail
47.044976579217455,12,18,0,retail
38.03077470810716,12,14,1,public
23.783037310857406,2,16,0,public
47.446962799436044,20,16,0,health
20.120438005870678,0,14,1,public
41.00801816988779,8,16,0,health
37.494052430253646,8,16,0,retail
35.27091115536724,3,16,0,tech
51.14346917812549,22,16,1,retail
63.513316390683556,23,14,1,tech
29.351267765047886,3,18,0,public
35.71681583223411,15,14,0,retail
40.24965630430073,7,16,0,tech
33.013120558564815,7,14,0,retail
24.029911963963595,4,14,0,tech
36.96859268190329,13,12,1,public
58.184159799535934,28,16,0,health
37.84089094007651,18,14,0,retail
21.183579756665395,0,12,1,public
22.9508021469829,7,12,0,retail
31.232308540813136,9,14,0,retail
29.23453247085137,5,16,1,health
32.29787047770904,5,16,0,public
62.345345289907335,29,16,0,retail
44.81236879304753,19,14,0,tech
19.986283182443813,5,12,0,public
53.06573917955059,15,16,1,tech
41.978052141705064,10,14,0,tech
38.5811520827968,9,14,1,health
47.1822634710262,11,16,0,tech
51.21345161153558,28,12,1,tech
45.71446897822554,25,12,1,retail
53.26183600169349,16,16,1,tech
32.686208706856505,8,12,1,health
56.45342846895341,26,14,0,tech
26.259818052353022,6,12,1,health
23.476414284992323,0,16,0,retail
16.24868748985062,3,12,0,public
42.68092995187731,15,16,1,retail
50.61319030495674,22,16,0,tech
27.39110710427481,6,16,0,public
38.180429050782124,16,12,0,health
38.44798648617366,8,14,1,health
33.354890795540264,2,16,1,tech
44.621545624741465,19,14,1,retail
46.837096838710735,13,14,0,tech
31.1212343942625,11,14,0,health
54.54090363770815,29,14,1,retail
63.655459714931006,28,16,1,health
61.426264556187874,27,16,1,health
40.327829313330426,6,18,1,public
48.0100655798527,16,16,1,health
46.440083334141235,11,14,1,tech
35.74851470027263,7,16,0,health
48.60591210732889,16,14,0,tech
54.28286407191708,17,18,1,health
41.459432224175075,24,12,0,retail
48.9929251370683,15,14,1,tech
47.65736038362786,17,14,0,tech
60.36789258662743,29,16,0,health
25.847658928386434,4,16,0,public
32.325235988760475,0,18,1,tech
28.327911338993598,5,14,1,public
36.02571215735427,9,16,1,retail
40.11409035415528,8,18,1,retail
40.938952868408215,12,16,0,health
40.64205196232186,19,12,1,retail
49.21088907661529,21,16,0,health
63.86400369341774,20,18,1,tech
48.58423425774529,22,12,1,retail
45.17111146115564,15,16,0,retail
53.36924789799164,22,16,0,public
60.19605201227976,26,16,1,public
59.66885961475502,17,16,0,tech
59.591609223696324,23,16,1,health
37.532120439738556,16,14,0,retail
33.55440793114797,10,14,1,health
37.10990177412179,8,16,0,public
48.679208029561345,25,12,0,health
45.51422830191995,26,12,0,retail
30.615609133181422,5,14,1,public
35.43887885537587,12,16,0,retail
41.32712276026383,18,12,0,tech
36.13519312381244,10,16,1,retail
50.23805897291498,15,18,0,tech
53.088180413671445,23,14,1,retail
29.384563607169618,7,16,0,retail
53.53832878034362,21,16,1,retail
39.64971341077012,12,14,1,health
29.91672239859468,9,16,0,retail
24.885433919088413,1,14,0,retail
29.245787585597206,0,16,0,health
29.547052082453327,5,14,0,tech
27.678249481899552,0,16,0,health
43.09881510860951,16,16,1,retail
58.372918770962066,25,14,1,health
22.62812204596434,0,12,1,health
33.99795727893675,4,16,1,public
54.357636706617235,26,14,0,tech
43.33872405663973,18,12,1,health
52.32990934782906,23,14,1,health
43.65975239133511,17,16,0,retail
66.7109852732749,28,16,1,tech
19.82847351938548,6,12,1,retail
59.64818622051994,25,14,1,tech
38.761587123087665,13,16,0,retail
25.801775178848256,1,16,1,retail
50.3800202180844,12,18,1,retail
42.27112529903787,12,14,0,health
42.53842188899404,15,14,1,tech
30.320566857698548,5,16,1,retail
52.36452756533247,25,12,1,public
29.766496391027033,9,14,0,public
51.93127421466251,27,14,0,retail
63.78713931122698,29,16,0,tech
33.24619155662859,2,16,0,tech
54.983092739883354,22,16,0,tech
38.57029880909213,12,16,0,retail
43.35417424753713,15,14,0,tech
36.05086079535371,8,16,1,public
42.01376090191234,12,16,0,health
54.18152959562764,23,16,1,public
42.56469777270357,17,14,1,health
32.72204661230165,10,14,0,public
45.240831511738506,21,14,1,retail
48.405984711004336,14,16,1,health
51.68515799984933,21,16,0,health
51.06367387596578,21,16,0,health
65.9882373137376,26,18,0,health
55.85853092545028,19,16,1,tech
54.544940863609376,22,18,0,retail
57.40286678925759,22,16,0,health
61.07439648443861,24,16,1,health
40.842374068584775,12,16,0,public
26.615233022639252,7,12,0,retail
47.915313280459,16,14,1,tech
41.93465707092051,13,16,1,retail
32.33056656631053,8,16,0,health
29.901205374644718,7,14,1,public
55.66999895696133,23,16,0,tech
44.45084761040413,17,14,0,public
50.58424271520789,25,14,1,retail
51.888399812695226,16,18,1,public
44.90194849502211,9,16,1,tech
48.05659780092287,25,12,0,public
39.81484974231864,14,14,0,retail
23.1774416170504,0,16,1,retail
27.107030146907444,3,12,1,retail
41.77788044782633,15,16,0,health
19.888183660755427,3,12,0,public
54.37021270332791,24,14,1,public
27.877943561632144,4,16,0,retail
36.44120659920325,14,14,0,health
40.7544013168436,18,14,0,tech
28.367617281282357,0,14,1,tech
53.01085231614634,23,14,0,public
36.191406737128574,2,16,0,tech
21.08531434753477,3,14,1,public
26.115708192839133,1,16,0,retail
66.86613210808117,29,18,1,retail
29.979971764427113,12,12,1,retail
25.712587096543878,10,12,0,public
32.213874196897585,6,16,0,health
58.454743989619836,26,16,0,tech
48.98520018733686,18,14,1,tech
58.093801648069395,29,14,1,health
60.39878619921491,29,14,0,health
44.864180581542875,25,12,0,public
46.747404678447445,23,14,0,public
32.28149400273422,11,12,1,tech
37.48827460304905,10,14,1,health
22.876979811897662,0,16,0,public
52.75295753797463,23,16,1,health
38.269146606706435,15,14,0,health
59.64138380539298,26,14,1,tech
51.97732422925445,14,18,1,health
34.69634315756623,0,16,0,tech
30.97746113665938,0,14,0,health
51.11015106814074,24,14,0,health
49.09849669468918,26,12,0,tech
41.07176059407991,10,14,1,tech
22.30717262459093,4,12,1,public
26.17044829927489,1,12,1,tech
40.937977871631205,18,12,0,public
48.18200489700071,24,12,0,health
32.098517799375884,7,14,1,retail
27.742756745023602,5,12,1,health
37.60588166127066,12,14,1,health
57.310332145493945,23,16,1,tech
41.09854187759734,14,16,1,public
38.87753857883247,15,12,1,retail
35.29917007755,17,12,0,retail
40.74933229828842,15,14,0,public
35.42829442000777,15,12,1,retail
18.415190269904567,2,12,0,public
40.92748088700783,10,18,0,retail
44.17628172356399,17,14,1,public
22.879764626767642,1,12,1,tech
58.765003164189565,24,16,1,tech
25.302294414623404,3,14,0,public
25.66519772454499,0,18,1,public
39.91771468046958,18,12,0,retail
45.6649906558743,19,12,0,tech
50.6936297341143,18,18,0,public
52.72331477311413,16,18,1,retail
55.52817904284153,20,18,1,public
45.9962459024764,10,18,1,retail
26.3595703134877,2,12,1,health
48.25795724831602,21,16,0,retail
22.86585826246511,7,12,0,public
31.928777333378505,2,14,1,tech
33.71922064637833,7,14,1,health
49.46473017721293,26,14,0,retail
58.58569763853196,24,16,0,tech
21.346487548513537,3,14,0,retail
62.09154614009645,22,16,1,health
41.751425481481355,16,14,0,health
57.42669937798279,22,16,1,retail
54.30501734527027,21,16,0,health
59.28407036583997,29,12,1,retail
46.50926114264402,18,16,0,retail
47.9253520003471,27,12,0,health
51.761735940074715,23,14,0,health
51.217250766379834,19,16,0,public
35.94765289529569,11,16,1,retail
46.142274149684376,15,16,0,health
69.01666289588077,27,18,0,health
59.140227815993555,24,16,1,public
42.47197699992466,14,14,0,public
38.70888116173995,16,14,0,retail
42.610053428167475,18,14,1,public
54.41601899654736,23,14,1,health
31.57723959679895,7,14,1,retail
38.8048559854413,5,16,0,tech
49.44505908009329,21,16,0,retail
45.036819987582525,15,18,0,public
48.60712952337393,16,16,1,public
43.28015492273112,14,16,0,retail
40.89068339762312,20,14,0,health
38.29029916720228,14,14,1,health
45.04456158971424,20,12,0,health
44.64509730793219,15,14,0,health
25.96966315999016,1,16,1,retail
43.36031355218494,18,18,0,retail
23.629894163981866,2,16,0,health
40.54615673915695,18,12,1,retail
26.44549415983573,2,16,0,health
63.91758058578498,28,16,1,retail
26.318536922216026,7,12,1,retail
24.841842841541308,6,14,0,retail
26.10530166359062,0,18,0,retail
28.83121727661128,4,16,1,public
27.381713088327682,1,16,0,health
55.88955017911635,21,16,1,health
27.915579621776878,3,16,0,tech
40.25552411533975,7,16,0,tech
65.48551560549326,26,16,1,tech
28.933932996264392,8,14,0,public
43.96732506668324,18,16,1,public
39.12837323139197,5,18,0,tech
36.01832379720096,11,16,0,retail
43.60977343923316,14,16,1,public
55.27659032799278,25,12,1,tech
33.77781240937827,12,12,0,retail
30.97737159225393,11,12,0,tech
47.64902900964036,29,12,0,public
34.792529717468014,10,14,0,public
52.19029457203194,20,14,1,health
52.92876152568181,28,12,1,public
47.36445618154187,17,14,1,tech
53.88054031247897,21,14,1,health
45.664942588218814,17,16,0,public
50.35261952819901,21,16,1,retail
35.191088125376815,8,18,0,retail
50.09337520665446,17,16,1,health
59.023924203423825,26,14,1,health
37.73481710453649,5,16,0,health
31.403891353849748,3,16,1,retail
45.71525952747211,11,16,1,tech
49.06527769686111,22,16,0,public
47.07463106758722,24,12,0,health
26.42006245629419,3,14,0,tech
60.27849859463357,19,18,1,health
36.030138704772945,14,12,1,health
46.03789651894429,17,14,0,tech
25.97712335297351,6,12,0,public
39.12416425797655,5,16,1,health
40.14899497012098,16,14,0,health
50.06342419266207,17,14,1,public
23.78619027443311,5,14,0,tech
32.19051676449598,6,14,1,tech
39.11989672807123,15,14,1,retail
54.74953946043184,18,18,0,health
26.696930962290992,0,16,1,retail
48.69983780688107,21,14,0,public
32.274387447927126,7,12,1,tech
54.66482613759809,23,12,1,tech
45.68237234632645,22,12,0,public
58.45991035867349,26,12,1,tech
49.47381589015175,15,14,1,tech
56.89093539231004,20,16,1,public
39.357736411849004,14,16,0,public
33.63551066707867,9,12,0,tech
50.963614222986145,19,18,0,tech
47.91626519696325,20,16,0,health
56.80329407568635,15,16,1,tech
37.25944653393396,8,16,0,public
37.38917235550754,7,16,1,retail
58.35780955049145,27,16,0,public
58.61624234992867,26,16,1,public
55.40931501893068,23,16,0,tech
45.151558698534075,9,16,1,tech
51.66109597117447,14,16,1,tech
20.8493843011032,0,16,1,public
42.68954741811181,17,14,0,tech
32.28552073133381,5,16,0,public
55.63467920752622,29,14,1,public
40.77786645516235,12,16,1,retail
37.43233345955459,1,18,1,retail
32.12325698070635,0,16,1,public
47.207367347777605,20,16,0,retail
46.398967255783674,16,16,1,health
49.148160221469354,20,12,0,tech
55.891569636272315,28,12,0,public
39.56148419078013,9,18,0,health
45.59615531626477,16,16,0,retail
29.856753482602766,4,16,1,retail
29.99735932178373,6,16,0,public
41.296870496260034,9,14,1,tech
29.61164052495719,1,16,1,retail
28.588005307302964,3,16,0,public
46.9299476399156,16,16,0,tech
32.54501322099286,14,12,0,tech
59.789522336535285,20,16,0,health
55.953973175884485,19,16,1,tech
48.01564826744168,19,14,1,retail
42.355567933012956,7,14,1,tech
44.68486898879339,17,14,1,health
34.31360785017086,10,14,0,health
38.74508854963583,11,16,1,retail
44.62866096885272,14,18,1,health
38.92593133019179,11,14,1,tech
34.76424788595931,3,16,1,health
52.45830640809942,25,14,1,retail
42.68646259775978,11,16,1,public
25.693003584847258,1,12,1,tech
55.39985415863585,19,16,0,tech
30.474344748085592,8,12,1,health
46.669231200928955,23,12,0,health
42.729438990686546,8,14,1,tech
66.82055554281597,25,18,1,tech
61.20154385342778,29,14,0,retail
38.62000772632192,15,12,1,tech
37.40438666208255,15,12,0,tech
33.49424106447927,4,16,1,health
33.55351266119408,5,16,1,public
37.68432475403895,6,16,0,public
52.24509165852736,25,12,0,health
60.11501322682165,26,18,0,retail
37.082686131008145,11,14,1,retail
54.13320904949395,25,16,1,public
35.85498758512343,11,12,0,tech
32.05599180872151,4,12,0,tech
34.88370213068236,10,16,0,public
37.17183018782288,12,12,1,tech
38.21754657121971,4,16,1,tech
47.257936778367515,20,12,1,public
37.75559396598467,13,12,0,public
60.52458560082425,22,16,1,health
44.92243289553175,16,16,0,health
62.49743222713575,18,18,0,tech
40.497006075132305,13,18,0,retail
40.48117290710032,17,12,0,tech
41.266325614758394,11,16,0,health
42.80834620563893,10,18,0,tech
40.13316973877626,6,18,0,health
65.45058685016367,25,16,1,health
58.5897299356108,25,16,1,public
44.55292045106878,25,12,1,health
56.815971610060444,25,16,0,health
42.93300686307265,7,16,1,tech
56.49567336443099,16,18,1,tech
60.52088172878467,28,16,1,public
53.29071320169116,21,16,1,public
25.238208326179837,4,14,1,public
51.72357047489306,27,12,0,health
47.69677826626982,17,16,1,public
26.99504401972683,4,16,0,retail
44.710078572946614,4,18,0,tech
28.817628077893378,3,16,1,retail
29.16773629578921,6,12,1,retail
31.08476524760554,5,14,0,health
57.79854456161945,29,12,0,health
32.35394117319281,17,14,0,retail
43.41804457912623,20,14,0,retail
23.566023520794868,2,16,0,public
44.464217716759734,21,12,1,retail
42.85579028462537,22,12,0,retail
21.202015673997895,0,14,1,retail
38.03120485103855,1,18,0,health
41.793045213520756,15,14,0,public
25.307538690287437,0,16,1,retail
44.33286709286574,10,16,0,public
57.951174329062944,28,14,1,health
65.37742198851775,28,16,1,tech
42.74717523224412,10,16,1,retail
60.73149968634494,29,16,1,public
44.448665673519145,16,12,1,tech
46.643038235095,15,18,0,retail
41.44823194079859,14,14,0,retail
46.45889787416759,23,14,1,retail
44.83492123366228,19,14,1,retail
45.225125209915525,17,12,1,health
56.731912355487545,28,14,1,public
39.59883382793049,8,16,1,health
48.28728634516082,16,16,0,health
23.552586697280695,2,12,0,tech
34.44941020157816,9,12,1,tech
37.03649831411299,20,12,0,retail
26.668306478920513,1,14,1,retail
44.22032896249141,15,16,0,retail
52.21037645019186,19,16,0,tech
22.5583336016941,2,12,1,public
44.93545287382959,12,18,0,tech
23.84978576059271,1,12,1,public
58.953147679226866,28,16,1,retail
61.25164236636331,28,16,0,health
50.82830235974914,17,14,1,tech
30.364844027845436,3,16,0,public
57.76795674552011,19,16,0,health
66.09534652275232,23,18,1,tech
48.00525627176296,19,16,1,health
49.503077413322785,23,14,0,public
46.336628784223905,16,12,1,tech
60.627961148612826,26,18,0,tech
34.34748501054258,11,14,1,retail
62.22009233428663,29,16,0,health
45.31918776481503,13,16,1,public
63.482364929707934,29,18,0,health
53.390388058490764,20,14,1,tech
36.98516218160034,11,14,0,health
31.24841815410043,7,12,1,public
54.309131528008365,26,12,0,health
40.48628194695246,5,18,1,health
70.68886470814006,28,16,1,tech
46.590580211661155,26,12,0,public
44.157312521904274,18,16,0,retail
54.799091096314896,20,18,0,health
50.311767735850054,17,16,1,tech
51.59695359043356,26,14,0,public
29.509698995672522,4,16,0,retail
44.51883995434222,11,18,0,retail
38.951656144205465,10,14,1,health
48.168042190921696,17,14,0,tech
49.948708076789,15,16,0,tech
39.1371325777749,18,12,1,health
32.33309944739645,8,14,0,health
60.943524756932476,26,16,1,retail
39.02612918952136,9,14,1,health
52.76662650799473,26,12,1,retail
25.799090858288096,2,14,1,retail
26.149715236368266,7,12,0,retail
51.43035800299102,21,16,1,retail
54.74596924028113,29,16,0,health
37.30547842878829,7,14,0,tech
38.86226798032425,11,14,1,retail
56.686726956615914,28,14,1,health
42.728220128797126,18,12,1,health
45.149917382157966,19,12,1,tech
58.63412646419203,29,12,1,public
50.58522643771535,28,12,1,public
44.70300145509591,12,16,1,public
44.031235996074166,17,14,0,tech
49.08846084857812,19,14,0,public
58.13447258146353,24,16,1,retail
61.40696301060265,29,14,1,health
21.450303992850497,5,12,1,retail
48.702412395670265,18,14,1,retail
40.15842717802148,10,18,0,retail
37.39527745294262,19,12,1,retail
29.528777934113776,6,12,1,health
60.12704714136345,23,16,1,health
60.13782767646753,25,16,1,public
55.460946873565,23,14,1,health
51.20662224451428,23,12,0,tech
57.1581943762608,28,14,0,health
31.650809750864905,4,16,0,retail
48.836892343960706,19,16,1,public
39.81365154906766,17,14,1,public
37.81921850721075,7,16,0,tech
50.10694023944068,21,16,0,public
17.996719013311438,1,14,0,retail
37.445329382169184,11,16,0,public
13.67408348157866,2,12,0,public
32.89210086810643,8,12,1,tech
61.97241380880422,28,14,1,health
47.323002683686546,23,14,0,health
57.57696579686329,24,16,1,health
73.97006239241115,29,18,1,tech
45.77764836425102,17,14,0,public
55.30461253236925,29,12,1,retail
50.99757965275937,26,16,0,public
37.5072044332509,15,12,1,public
68.99698943025217,26,18,1,health
39.74736071042766,7,16,1,tech
38.740920348370814,10,16,0,public
65.87151033987308,29,16,1,health
56.46351208752314,24,16,1,tech
40.00200824012768,19,12,0,health
26.115619205541794,5,14,1,retail
25.436515834097772,4,14,0,public
59.77230359257605,29,14,1,retail
49.522834294100875,23,12,0,tech
36.64604867776836,9,14,1,retail
25.3759779912453,4,16,0,public
32.83696853250436,8,14,0,tech
28.4121339213801,3,16,0,public
37.097116129518625,5,16,1,public
39.24016749909115,11,18,0,retail
45.259793488903306,16,16,0,retail
57.22524139997878,26,16,0,tech
54.42191157201526,27,12,1,retail
37.04441849743753,7,12,1,health
44.989158455606464,16,14,1,health
55.35107513128112,21,14,1,tech
27.574587894017675,1,12,0,tech
46.686788182213085,13,16,1,retail
31.387055324213982,1,14,1,tech
49.37875044754738,6,18,0,tech
44.38933742269125,15,14,1,public
36.043491662508465,1,18,0,tech
57.08770848803518,26,14,1,public
57.97235592842896,24,16,1,public
48.239244693494086,17,16,0,health
34.6015512865082,9,14,1,public
59.324360197263786,22,16,0,health
47.21915155502899,19,14,1,public
50.019659784062405,25,12,1,retail
63.78722181845315,27,18,1,public
20.753338649368875,3,12,0,retail
23.55446636359228,0,14,1,public
41.24219325328132,12,12,1,tech
36.200594035776874,3,16,1,tech
26.1584667201828,0,16,0,health
40.87867301364015,11,16,1,health
42.744295909808415,12,16,1,public
49.36161782800083,19,14,1,tech
58.47698911066682,25,14,0,tech
59.977563964370155,28,16,1,retail
46.19970668501334,23,14,0,retail
55.07742329016449,28,12,1,public
48.51084516650076,10,18,1,health
54.09212175306305,24,16,0,public
42.22899135601055,21,14,1,retail
69.63638060024971,29,18,1,tech
52.866374620654305,21,16,0,tech
16.93126435078477,1,12,0,public
46.882004180896416,14,16,0,tech
33.25567673083074,4,16,0,health
29.416052818854904,3,14,0,tech
54.51562812835027,25,14,0,health
52.17046050171666,27,12,0,public
39.64285282012248,9,18,0,retail
52.57832881486589,17,16,1,public
49.684764019744605,23,14,0,retail
29.434049851581783,5,16,1,retail
32.884955674247315,1,16,1,retail
57.301624064038464,20,18,0,retail
39.777694892133326,7,18,0,health
61.26410015349888,23,16,1,public
50.60529688257317,29,12,1,retail
29.877449829246736,3,16,0,retail
35.54034212583462,18,12,0,retail
41.608835461195234,12,16,0,health
38.43598542658759,18,12,1,public
61.92526626056751,28,16,1,retail
45.424431265057315,23,14,0,retail
44.62568955561919,17,12,1,public
59.83741302753555,29,16,0,health
53.72954778644588,23,14,1,public
53.36886274176587,25,14,1,health
35.967941805689804,4,18,1,health
50.184775812002485,27,12,0,public
48.52896118454074,8,18,1,health
46.98213897901237,18,14,1,public
63.162155423874054,28,16,1,health
59.389032186129434,29,14,1,health
37.66503049858853,2,16,1,health
43.12489961879352,17,14,1,health
61.82893741713641,26,16,1,health
52.13498912643224,17,14,0,tech
24.08011762987252,1,14,1,health
45.641103972364796,16,16,0,public
46.93219125147421,17,18,0,public
59.04512781217503,21,18,1,public
37.5301696414006,0,16,1,tech
41.28613761492297,6,14,1,health
63.643574893730275,27,16,0,health
40.045063896582434,13,14,1,retail
43.83819280089397,16,16,0,public
32.18206949355342,5,16,1,public
36.804077308458616,16,12,0,tech
33.56189334540374,8,14,0,retail
36.33326572243089,11,14,1,tech
44.580287987644795,14,12,1,tech
44.02768163587119,20,12,1,retail
28.718671302018276,0,14,1,retail
46.70874358345552,20,14,0,health
62.871529836611685,29,12,1,tech
58.29128087292326,18,16,1,tech
